Workbook

Sheet ORIGINAL
A2: COMISIÓN DE BIOÉTICA DEL ESTADO DE TLAXCALA
A3: COMITÉS HOSPITALARIOS DE BIOÉTICA Y ÉTICA EN INVESTIGACIÓN
A4: CÉDULA DE VERIFICACIÓN
A5: Institución: | B5: Hospital General de Tlaxcala
A6: Responsable del establecimiento: | B6: ejemplo
A7: Presidente o presidenta: | B7: ejemplo
A8: Fecha de visita: | B8: ejemplo
A9: Registro CONBIOÉTICA: | B9: ejemplo
A10: CRITERIOS DE VERIFICACIÓN.
A11: I.- INTEGRACIÓN:
A12: Registro vigente ante la CONBIOÉTICA | C12: 1
A13: Acta de instalación actualizada y vigente | C13: 1
A14: Cartas de designación por cada integrante | C14: 1
A15: Cartas de confidencialidad por cada integrante | C15: 1
A16: Cartas compromiso de capacitación por integrante | C16: 1
A17: Mínimo de miembros necesarios: presidente, vocal secretario y cuatro vocales | C17: 1
A18: Cumple con no incluir personal del cuerpo directivo | C18: 1
A19: Su conformación es multidisciplinaria | C19: 1
A20: En la integración incluye representante de la comunidad | C20: 1
A21: Expedientes actualizados por cada integrante: CV, copia de título, cédula y constancias de capacitación en bioética | C21: 1
A22: Existe equidad de género en la integración del comité | C22: 1
A23: Se hace uso de lenguaje incluyente en la documentación | C23: 1
... A26: Los documentos se encuentra localizables, ordenados y resguardados | C26: 1
A27: SUBTOTAL POR DOMINIO: | C27: =SUM(C12:C26) -> 15
A28: II.- RECURSOS Y SUMINISTROS
A29: Cuenta con mecanismo de financiamiento para su operación | C29: 1
A30: Dispone de oficina para realizar actividades | C30: 1
A31: Cuenta con mobiliario y equipamiento para su funcionamiento | C31: 1
A32: Existen mecanismos para provisión de papeleria y demas insumos de oficina | C32: 1
A33: Dispone de un lugar para el resguardo de archivos o expedientes | C33: 1
A34: Cuenta con personal de apoyo administrativo | C34: 1
A35: SUBTOTAL POR DOMINIO: | C35: 6
A36: III.- MARCO PROCEDIMENTAL
A37: Cuenta con reglamento interno para el funcionamiento del comité | C37: 1
A38: Cuenta con manual de organización del comité | C38: 1
A39: Cuenta con procedimiento para la solicitud de intervención en el análisis de casos o protocolos | C39: 1
A40: Cuenta con procedimiento para control y seguimiento de recomendaciones emitidas por el comité | C40: 1
A41: Cuenta con procedimiento para resguardo de la información | C41: 1
A42: Cuenta con procedimiento para sesiones oridnarias y extraordinarias | C42: 1
A43: Cuenta con procedimiento para comunicar recomendaciones | C43: 1
A44: SUBTOTAL POR DOMINIO: | C44: =SUM(C37:C43) -> 7
A45: IV.- OPERATIVIDAD
A46: Cuenta con guías operacionales, normas internacionales y nacionales, etcétera que ayuden al análisis y resolución de casos | C46: 1
A47: Cuenta con Programa Anual de Trabajo | C47: 1
A48: Cuenta con programacion anual de sesiones ordinarias (PASO) | C48: 1
A49: Cuenta con programa anual de sesiones generales (PASGE) | C49: 1
A50: Cuenta con programa anual de capacitación para integrantes del comité (PACIC) | C50: 1
A51: Cuenta con programa de capacitación para personal del establecimiento (PACPE) | C51: 1
A52: Cuenta con programa de capacitación para la población usuario/a (PACU) | C52: 1
A53: Cumple con los plazos para la recepción, análisis y emisión de recomendaciones | C53: 1
A54: El expediente de cada sesión se integra: solicitud de analisis, convocatoria de sesipón a los miembros, orden del día, lista de asistencia, minuta de sesión, emisión de recomendaciones y seguimiento de las mismas | C54: 1
A55: La minuta de la sesión contine: número consecutivo, fecha, hora, lugar donde se realizó, objetivo de la reunión, nombre y firma de cada integrante, constancia de conformidad con el desahogo de lo tratado en la reunión, documentos consultados, conclusiones, acuerdos o recomendaciones. | C55: 1
A56: El análisis se realiza con metodología específica. | C56: 1
A57: Las recomendaciones cuenta con al menos: nombre y clave de registro del comité, fecha, lugar y hora, nombre de quien solicita, problema planteado, docuemntos revisados, recomendaciones emitidas, nombre y firma de quien preside. | C57: 1
... A61: El o la responsable de la unidad, conoce las actividades que realiza el comité | C61: 1
A62: SUBTOTAL POR DOMINIO: | C62: =SUM(C46:C61) -> 16
A63: TOTAL DE LA EVALUACIÓN: | C63: =SUM(C62+C44+C35+C27) -> 44
A64: PORCENTAJE DE CUMPLIMIENTO: | C64: =(C63/44) -> 1
A65: (1) CUMPLE (0) NO CUMPLE (NA) NO APLICA
A66: OBSERVACIONES:
A69: RECOMENDACIONES:
A72: ACUERDOS:
A75: FECHA DE CUMPLIMIENTO:
A76: FIRMAS DE CONFORMIDAD DE QUIENES PARTICIPAN:
A77: CARGO EN LA INSTITUCIÓN: | B77: NOMBRE COMPLETO: | C77: FIRMA:
A81: CARGO EN LA COBIET: | B81: NOMBRE COMPLETO: | C81: FIRMA:
A82: Responsable de CHB y CEI | B82: Raymundo Alejandro Cuevas Escalante
A83: Director de la COBIET | B83: Edgar Giron Soriano

Sheet CHBHdelaMujer
A2: COMISIÓN DE BIOÉTICA DEL ESTADO DE TLAXCALA
A3: COMITÉS HOSPITALARIOS DE BIOÉTICA Y ÉTICA EN INVESTIGACIÓN
A4: CÉDULA DE VERIFICACIÓN
A5: Institución: | B5: Hospital de la Mujer
A6: Responsable del establecimiento: | B6: Yahir Pasillas Pineda
A7: Presidente o presidenta: | B7: Susa Geraldine Moreno Medellin
A8: Fecha de visita: | B8: 45489
A9: Registro CONBIOÉTICA:
A10: CRITERIOS DE VERIFICACIÓN.
A11: I.- INTEGRACIÓN:
A12: Registro vigente ante la CONBIOÉTICA | C12: 0
A13: Acta de instalación actualizada y vigente | C13: 1
A14: Cartas de designación por cada integrante | C14: 1
A15: Cartas de confidencialidad por cada integrante | C15: 1
A16: Cartas compromiso de capacitación por integrante | C16: 1
A17: Mínimo de miembros necesarios: presidente, vocal secretario y cuatro vocales | C17: 1
A18: Cumple con no incluir personal del cuerpo directivo | C18: 1
A19: Su conformación es multidisciplinaria | C19: 1
A20: En la integración incluye representante de la comunidad | C20: 1
A21: Expedientes actualizados por cada integrante: CV, copia de título, cédula y constancias de capacitación en bioética | C21: 1
A22: Existe equidad de género en la integración del comité | C22: 0
A23: Se hace uso de lenguaje incluyente en la documentación | C23: 1
... A26: Los documentos se encuentra localizables, ordenados y resguardados | C26: 1
A27: SUBTOTAL POR DOMINIO: | C27: =SUM(C12:C26) -> 13
A28: II.- RECURSOS Y SUMINISTROS
A29: Cuenta con mecanismo de financiamiento para su operación | C29: 0
A30: Dispone de oficina para realizar actividades | C30: 0
A31: Cuenta con mobiliario y equipamiento para su funcionamiento | C31: 0
A32: Existen mecanismos para provisión de papeleria y demas insumos de oficina | C32: 0
A33: Dispone de un lugar para el resguardo de archivos o expedientes | C33: 0
A34: Cuenta con personal de apoyo administrativo | C34: 0
A35: SUBTOTAL POR DOMINIO: | C35: 0
A36: III.- MARCO PROCEDIMENTAL
A37: Cuenta con reglamento interno para el funcionamiento del comité | C37: 1
A38: Cuenta con manual de organización del comité | C38: 1
A39: Cuenta con procedimiento para la solicitud de intervención en el análisis de casos o protocolos | C39: 1
A40: Cuenta con procedimiento para control y seguimiento de recomendaciones emitidas por el comité | C40: 1
A41: Cuenta con procedimiento para resguardo de la información | C41: 1
A42: Cuenta con procedimiento para sesiones oridnarias y extraordinarias | C42: 1
A43: Cuenta con procedimiento para comunicar recomendaciones | C43: 1
A44: SUBTOTAL POR DOMINIO: | C44: =SUM(C37:C43) -> 7
A45: IV.- OPERATIVIDAD
A46: Cuenta con guías operacionales, normas internacionales y nacionales, etcétera que ayuden al análisis y resolución de casos | C46: 1
A47: Cuenta con Programa Anual de Trabajo | C47: 1
A48: Cuenta con programacion anual de sesiones ordinarias (PASO) | C48: 1
A49: Cuenta con programa anual de sesiones generales (PASGE) | C49: 1
A50: Cuenta con programa anual de capacitación para integrantes del comité (PACIC) | C50: 1
A51: Cuenta con programa de capacitación para personal del establecimiento (PACPE) | C51: 1
A52: Cuenta con programa de capacitación para la población usuario/a (PACU) | C52: 1
A53: Cumple con los plazos para la recepción, análisis y emisión de recomendaciones | C53: 1
A54: El expediente de cada sesión se integra: solicitud de analisis, convocatoria de sesipón a los miembros, orden del día, lista de asistencia, minuta de sesión, emisión de recomendaciones y seguimiento de las mismas | C54: 1
A55: La minuta de la sesión contine: número consecutivo, fecha, hora, lugar donde se realizó, objetivo de la reunión, nombre y firma de cada integrante, constancia de conformidad con el desahogo de lo tratado en la reunión, documentos consultados, conclusiones, acuerdos o recomendaciones. | C55: 1
A56: El análisis se realiza con metodología específica. | C56: 1
A57: Las recomendaciones cuenta con al menos: nombre y clave de registro del comité, fecha, lugar y hora, nombre de quien solicita, problema planteado, docuemntos revisados, recomendaciones emitidas, nombre y firma de quien preside. | C57: 1
... A61: El o la responsable de la unidad, conoce las actividades que realiza el comité | C61: 1
A62: SUBTOTAL POR DOMINIO: | C62: =SUM(C46:C61) -> 16
A63: TOTAL DE LA EVALUACIÓN: | C63: =SUM(C62+C44+C35+C27) -> 36
A64: PORCENTAJE DE CUMPLIMIENTO: | C64: =(C63/44) -> 0.81818182
A65: (1) CUMPLE (0) NO CUMPLE (NA) NO APLICA
A66: OBSERVACIONES: se requiere avanzar en el programa de capacitación para la población así como aumentar la difusión con el personal de salud que labora en la instituación.
A69: RECOMENDACIONES: promover el trabajo que realiza el comité con otros comités e instituciones, impulsar a quien preside para que participe en actividades relacionadas a la bioética dentro y fuera de la institución.
A72: ACUERDOS:
A75: FECHA DE CUMPLIMIENTO: | B75: Continuamente
A76: FIRMAS DE CONFORMIDAD DE QUIENES PARTICIPAN:
A77: CARGO EN LA INSTITUCIÓN: | B77: NOMBRE COMPLETO: | C77: FIRMA:
A78: Responsable del establecimiento: | B78: Yahir Pasillas Pineda
A79: Presidente o presidenta: | B79: Susa Geraldine Moreno Medellin
A81: CARGO EN LA COBIET: | B81: NOMBRE COMPLETO: | C81: FIRMA:
A82: Responsable de CHB y CEI | B82: Raymundo Alejandro Cuevas Escalante
A83: Director de la COBIET | B83: Edgar Giron Soriano

Sheet CHBElCarmenT
A2: COMISIÓN DE BIOÉTICA DEL ESTADO DE TLAXCALA
A3: COMITÉS HOSPITALARIOS DE BIOÉTICA Y ÉTICA EN INVESTIGACIÓN
A4: CÉDULA DE VERIFICACIÓN
A5: Institución: | B5: Hospital Comunitario de el Carmen Tequexquital
A6: Responsable del establecimiento: | B6: Lic. Elizabeth Ceron Valencia
A7: Presidente o presidenta:
A8: Fecha de visita: | B8: 45628
A9: Registro CONBIOÉTICA: | B9: No
A10: CRITERIOS DE VERIFICACIÓN.
A11: I.- INTEGRACIÓN:
A12: Registro vigente ante la CONBIOÉTICA | C12: 0
A13: Acta de instalación actualizada y vigente | C13: 0
A14: Cartas de designación por cada integrante | C14: 0
A15: Cartas de confidencialidad por cada integrante | C15: 0
A16: Cartas compromiso de capacitación por integrante | C16: 0
A17: Mínimo de miembros necesarios: presidente, vocal secretario y cuatro vocales | C17: 0
A18: Cumple con no incluir personal del cuerpo directivo | C18: 0
A19: Su conformación es multidisciplinaria | C19: 0
A20: En la integración incluye representante de la comunidad | C20: 0
A21: Expedientes actualizados por cada integrante: CV, copia de título, cédula y constancias de capacitación en bioética | C21: 0
A22: Existe equidad de género en la integración del comité | C22: 0
A23: Se hace uso de lenguaje incluyente en la documentación | C23: 0
... A26: Los documentos se encuentra localizables, ordenados y resguardados | C26: 0
A27: SUBTOTAL POR DOMINIO: | C27: =SUM(C12:C26) -> 0
A28: II.- RECURSOS Y SUMINISTROS
A29: Cuenta con mecanismo de financiamiento para su operación | C29: 0
A30: Dispone de oficina para realizar actividades | C30: 0
A31: Cuenta con mobiliario y equipamiento para su funcionamiento | C31: 0
A32: Existen mecanismos para provisión de papeleria y demas insumos de oficina | C32: 0
A33: Dispone de un lugar para el resguardo de archivos o expedientes | C33: 0
A34: Cuenta con personal de apoyo administrativo | C34: 0
A35: SUBTOTAL POR DOMINIO: | C35: 0
A36: III.- MARCO PROCEDIMENTAL
A37: Cuenta con reglamento interno para el funcionamiento del comité | C37: 0
A38: Cuenta con manual de organización del comité | C38: 0
A39: Cuenta con procedimiento para la solicitud de intervención en el análisis de casos o protocolos | C39: 0
A40: Cuenta con procedimiento para control y seguimiento de recomendaciones emitidas por el comité | C40: 0
A41: Cuenta con procedimiento para resguardo de la información | C41: 0
A42: Cuenta con procedimiento para sesiones oridnarias y extraordinarias | C42: 0
A43: Cuenta con procedimiento para comunicar recomendaciones | C43: 0
A44: SUBTOTAL POR DOMINIO: | C44: =SUM(C37:C43) -> 0
A45: IV.- OPERATIVIDAD
A46: Cuenta con guías operacionales, normas internacionales y nacionales, etcétera que ayuden al análisis y resolución de casos | C46: 0
A47: Cuenta con Programa Anual de Trabajo | C47: 0
A48: Cuenta con programacion anual de sesiones ordinarias (PASO) | C48: 0
A49: Cuenta con programa anual de sesiones generales (PASGE) | C49: 0
A50: Cuenta con programa anual de capacitación para integrantes del comité (PACIC) | C50: 0
A51: Cuenta con programa de capacitación para personal del establecimiento (PACPE) | C51: 0
A52: Cuenta con programa de capacitación para la población usuario/a (PACU) | C52: 0
A53: Cumple con los plazos para la recepción, análisis y emisión de recomendaciones | C53: 0
A54: El expediente de cada sesión se integra: solicitud de analisis, convocatoria de sesipón a los miembros, orden del día, lista de asistencia, minuta de sesión, emisión de recomendaciones y seguimiento de las mismas | C54: 0
A55: La minuta de la sesión contine: número consecutivo, fecha, hora, lugar donde se realizó, objetivo de la reunión, nombre y firma de cada integrante, constancia de conformidad con el desahogo de lo tratado en la reunión, documentos consultados, conclusiones, acuerdos o recomendaciones. | C55: 0
A56: El análisis se realiza con metodología específica. | C56: 0
A57: Las recomendaciones cuenta con al menos: nombre y clave de registro del comité, fecha, lugar y hora, nombre de quien solicita, problema planteado, docuemntos revisados, recomendaciones emitidas, nombre y firma de quien preside. | C57: 0
... A61: El o la responsable de la unidad, conoce las actividades que realiza el comité | C61: 0
A62: SUBTOTAL POR DOMINIO: | C62: =SUM(C46:C61) -> 0
A63: TOTAL DE LA EVALUACIÓN: | C63: =SUM(C62+C44+C35+C27) -> 0
A64: PORCENTAJE DE CUMPLIMIENTO: | C64: =(C63/44) -> 0
A65: (1) CUMPLE (0) NO CUMPLE (NA) NO APLICA
A66: OBSERVACIONES: Artículo 41 Bis. Los establecimientos para la atención médica del sector público, social o privado del sistema nacional de salud, además de los señalados en los artículos 98 y 316 de la presente Ley, y de acuerdo con su grado de complejidad y nivel de resolución, contarán con los siguientes comités: I. Un Comité Hospitalario de Bioética para la resolución de los problemas derivados de la atención médica a que se refiere el artículo 33 de esta Ley; así como para el análisis, discusión y apoyo en la toma de decisiones respecto a los problemas bioéticos que se presenten en la práctica clínica o en la docencia que se imparte en el área de salud, así como promover la elaboración de lineamientos y guías éticas institucionales para la atención y la docencia médica. Asimismo, promoverá la educación bioética permanentemente de sus miembros y del personal del establecimiento, y II. En los casos de establecimientos de atención médica que lleven a cabo actividades de investigación en seres humanos, un Comité de Ética en Investigación que será responsable de evaluar y dictaminar los protocolos de investigación en seres humanos, formulando las recomendaciones de carácter ético que correspondan, así como de elaborar lineamientos y guías éticas institucionales para la investigación en salud, debiendo dar seguimiento a sus recomendaciones.
A69: RECOMENDACIONES: apesar de que la unidad no cuente con un director médico, se debe buscar que quien este a cargo de la dirección pueda convocar, designar e intalar el comité hospitalario de bioética.
A72: ACUERDOS: se convocara a integrantes del comité para su conformación.
A75: FECHA DE CUMPLIMIENTO: | B75: Inmediato
A76: FIRMAS DE CONFORMIDAD DE QUIENES PARTICIPAN:
A77: CARGO EN LA INSTITUCIÓN: | B77: NOMBRE COMPLETO: | C77: FIRMA:
A78: Responsable del establecimiento: | B78: Lic. Elizabeth Ceron Valencia
A81: CARGO EN LA COBIET: | B81: NOMBRE COMPLETO: | C81: FIRMA:
A82: Responsable de CHB y CEI | B82: Raymundo Alejandro Cuevas Escalante
A83: Director de la COBIET | B83: Edgar Giron Soriano

Sheet CHBTlaxco
A2: COMISIÓN DE BIOÉTICA DEL ESTADO DE TLAXCALA
A3: COMITÉS HOSPITALARIOS DE BIOÉTICA Y ÉTICA EN INVESTIGACIÓN
A4: CÉDULA DE VERIFICACIÓN
A5: Institución: | B5: Hospital Comunitario de Tlaxco
A6: Responsable del establecimiento: | B6: Juan Carlos Alducin Reyez
A7: Presidente o presidenta: | B7: Rafael Enrique Ceron Vieyra
A8: Fecha de visita: | B8: 45615
A9: Registro CONBIOÉTICA: | B9: 29-1520160408
A10: CRITERIOS DE VERIFICACIÓN.
A11: I.- INTEGRACIÓN:
A12: Registro vigente ante la CONBIOÉTICA | C12: 1
A13: Acta de instalación actualizada y vigente | C13: 0
A14: Cartas de designación por cada integrante | C14: 1
A15: Cartas de confidencialidad por cada integrante | C15: 1
A16: Cartas compromiso de capacitación por integrante | C16: 0
A17: Mínimo de miembros necesarios: presidente, vocal secretario y cuatro vocales | C17: 0
A18: Cumple con no incluir personal del cuerpo directivo | C18: 1
A19: Su conformación es multidisciplinaria | C19: 1
A20: En la integración incluye representante de la comunidad | C20: 0
A21: Expedientes actualizados por cada integrante: CV, copia de título, cédula y constancias de capacitación en bioética | C21: 0
A22: Existe equidad de género en la integración del comité | C22: 0
A23: Se hace uso de lenguaje incluyente en la documentación | C23: 0
... A26: Los documentos se encuentra localizables, ordenados y resguardados | C26: 1
A27: SUBTOTAL POR DOMINIO: | C27: =SUM(C12:C26) -> 6
A28: II.- RECURSOS Y SUMINISTROS
A29: Cuenta con mecanismo de financiamiento para su operación | C29: 0
A30: Dispone de oficina para realizar actividades | C30: 0
A31: Cuenta con mobiliario y equipamiento para su funcionamiento | C31: 0
A32: Existen mecanismos para provisión de papeleria y demas insumos de oficina | C32: 0
A33: Dispone de un lugar para el resguardo de archivos o expedientes | C33: 0
A34: Cuenta con personal de apoyo administrativo | C34: 0
A35: SUBTOTAL POR DOMINIO: | C35: 0
A36: III.- MARCO PROCEDIMENTAL
A37: Cuenta con reglamento interno para el funcionamiento del comité | C37: 0
A38: Cuenta con manual de organización del comité | C38: 0
A39: Cuenta con procedimiento para la solicitud de intervención en el análisis de casos o protocolos | C39: 0
A40: Cuenta con procedimiento para control y seguimiento de recomendaciones emitidas por el comité | C40: 0
A41: Cuenta con procedimiento para resguardo de la información | C41: 0
A42: Cuenta con procedimiento para sesiones oridnarias y extraordinarias | C42: 0
A43: Cuenta con procedimiento para comunicar recomendaciones | C43: 0
A44: SUBTOTAL POR DOMINIO: | C44: =SUM(C37:C43) -> 0
A45: IV.- OPERATIVIDAD
A46: Cuenta con guías operacionales, normas internacionales y nacionales, etcétera que ayuden al análisis y resolución de casos | C46: 0
A47: Cuenta con Programa Anual de Trabajo | C47: 0
A48: Cuenta con programacion anual de sesiones ordinarias (PASO) | C48: 0
A49: Cuenta con programa anual de sesiones generales (PASGE) | C49: 0
A50: Cuenta con programa anual de capacitación para integrantes del comité (PACIC) | C50: 0
A51: Cuenta con programa de capacitación para personal del establecimiento (PACPE) | C51: 0
A52: Cuenta con programa de capacitación para la población usuario/a (PACU) | C52: 0
A53: Cumple con los plazos para la recepción, análisis y emisión de recomendaciones | C53: 0
A54: El expediente de cada sesión se integra: solicitud de analisis, convocatoria de sesipón a los miembros, orden del día, lista de asistencia, minuta de sesión, emisión de recomendaciones y seguimiento de las mismas | C54: 0
A55: La minuta de la sesión contine: número consecutivo, fecha, hora, lugar donde se realizó, objetivo de la reunión, nombre y firma de cada integrante, constancia de conformidad con el desahogo de lo tratado en la reunión, documentos consultados, conclusiones, acuerdos o recomendaciones. | C55: 0
A56: El análisis se realiza con metodología específica. | C56: 0
A57: Las recomendaciones cuenta con al menos: nombre y clave de registro del comité, fecha, lugar y hora, nombre de quien solicita, problema planteado, docuemntos revisados, recomendaciones emitidas, nombre y firma de quien preside. | C57: 0
... A61: El o la responsable de la unidad, conoce las actividades que realiza el comité | C61: 0
A62: SUBTOTAL POR DOMINIO: | C62: =SUM(C46:C61) -> 0
A63: TOTAL DE LA EVALUACIÓN: | C63: =SUM(C62+C44+C35+C27) -> 6
A64: PORCENTAJE DE CUMPLIMIENTO: | C64: =(C63/44) -> 0.13636364
A65: (1) CUMPLE (0) NO CUMPLE (NA) NO APLICA
A66: RECOMENDACIONES: Artículo 41 Bis. Los establecimientos para la atención médica del sector público, social o privado del sistema nacional de salud, además de los señalados en los artículos 98 y 316 de la presente Ley, y de acuerdo con su grado de complejidad y nivel de resolución, contarán con los siguientes comités: I. Un Comité Hospitalario de Bioética para la resolución de los problemas derivados de la atención médica a que se refiere el artículo 33 de esta Ley; así como para el análisis, discusión y apoyo en la toma de decisiones respecto a los problemas bioéticos que se presenten en la práctica clínica o en la docencia que se imparte en el área de salud, así como promover la elaboración de lineamientos y guías éticas institucionales para la atención y la docencia médica. Asimismo, promoverá la educación bioética permanentemente de sus miembros y del personal del establecimiento, y II. En los casos de establecimientos de atención médica que lleven a cabo actividades de investigación en seres humanos, un Comité de Ética en Investigación que será responsable de evaluar y dictaminar los protocolos de investigación en seres humanos, formulando las recomendaciones de carácter ético que correspondan, así como de elaborar lineamientos y guías éticas institucionales para la investigación en salud, debiendo dar seguimiento a sus recomendaciones.
A69: RECOMENDACIONES: desde la llegada del actual presidente del CHB no se ha sesionado ni se ha notificado a la CONBIETICA de los cambios en el personal ademas de no haber sesionado ni actualizado los expedientes de quientes recientemente integraron el comité.
A72: ACUERDOS: se debera convocar a una sesión informativa para la reestructura del comité para dar cumplimiento además de sesionar el caso de un paciente con agitación psicomotriz el cual fue dado de alta por agresiones al personal concluyendo su estadia en una clinica psiquiatria particular.
A75: FECHA DE CUMPLIMIENTO: | B75: inmediato
A76: FIRMAS DE CONFORMIDAD DE QUIENES PARTICIPAN:
A77: CARGO EN LA INSTITUCIÓN: | B77: NOMBRE COMPLETO: | C77: FIRMA:
A78: Responsable del establecimiento: | B78: Juan Carlos Alducin Reyez
A79: Presidente o presidenta: | B79: Rafael Enrique Ceron Vieyra
A81: CARGO EN LA COBIET: | B81: NOMBRE COMPLETO: | C81: FIRMA:
A82: Responsable de CHB y CEI | B82: Raymundo Alejandro Cuevas Escalante
A83: Director de la COBIET | B83: Edgar Giron Soriano

Sheet CHBContla
A2: COMISIÓN DE BIOÉTICA DEL ESTADO DE TLAXCALA
A3: COMITÉS HOSPITALARIOS DE BIOÉTICA Y ÉTICA EN INVESTIGACIÓN
A4: CÉDULA DE VERIFICACIÓN
A5: Institución: | B5: Hospital Comunitario de Contla
A6: Responsable del establecimiento: | B6: Eva Xochitiotzi Bautista
A7: Presidente o presidenta: | B7: Oliva Salazar Morales
A8: Fecha de visita: | B8: 45611
A9: Registro CONBIOÉTICA: | B9: No
A10: CRITERIOS DE VERIFICACIÓN.
A11: I.- INTEGRACIÓN:
A12: Registro vigente ante la CONBIOÉTICA | C12: 0
A13: Acta de instalación actualizada y vigente | C13: 0
A14: Cartas de designación por cada integrante | C14: 0
A15: Cartas de confidencialidad por cada integrante | C15: 0
A16: Cartas compromiso de capacitación por integrante | C16: 0
A17: Mínimo de miembros necesarios: presidente, vocal secretario y cuatro vocales | C17: 0
A18: Cumple con no incluir personal del cuerpo directivo | C18: 0
A19: Su conformación es multidisciplinaria | C19: 0
A20: En la integración incluye representante de la comunidad | C20: 0
A21: Expedientes actualizados por cada integrante: CV, copia de título, cédula y constancias de capacitación en bioética | C21: 0
A22: Existe equidad de género en la integración del comité | C22: 0
A23: Se hace uso de lenguaje incluyente en la documentación | C23: 0
... A26: Los documentos se encuentra localizables, ordenados y resguardados | C26: 0
A27: SUBTOTAL POR DOMINIO: | C27: =SUM(C12:C26) -> 0
A28: II.- RECURSOS Y SUMINISTROS
A29: Cuenta con mecanismo de financiamiento para su operación | C29: 0
A30: Dispone de oficina para realizar actividades | C30: 0
A31: Cuenta con mobiliario y equipamiento para su funcionamiento | C31: 0
A32: Existen mecanismos para provisión de papeleria y demas insumos de oficina | C32: 0
A33: Dispone de un lugar para el resguardo de archivos o expedientes | C33: 0
A34: Cuenta con personal de apoyo administrativo | C34: 0
A35: SUBTOTAL POR DOMINIO: | C35: 0
A36: III.- MARCO PROCEDIMENTAL
A37: Cuenta con reglamento interno para el funcionamiento del comité | C37: 0
A38: Cuenta con manual de organización del comité | C38: 0
A39: Cuenta con procedimiento para la solicitud de intervención en el análisis de casos o protocolos | C39: 0
A40: Cuenta con procedimiento para control y seguimiento de recomendaciones emitidas por el comité | C40: 0
A41: Cuenta con procedimiento para resguardo de la información | C41: 0
A42: Cuenta con procedimiento para sesiones oridnarias y extraordinarias | C42: 0
A43: Cuenta con procedimiento para comunicar recomendaciones | C43: 0
A44: SUBTOTAL POR DOMINIO: | C44: =SUM(C37:C43) -> 0
A45: IV.- OPERATIVIDAD
A46: Cuenta con guías operacionales, normas internacionales y nacionales, etcétera que ayuden al análisis y resolución de casos | C46: 0
A47: Cuenta con Programa Anual de Trabajo | C47: 0
A48: Cuenta con programacion anual de sesiones ordinarias (PASO) | C48: 0
A49: Cuenta con programa anual de sesiones generales (PASGE) | C49: 0
A50: Cuenta con programa anual de capacitación para integrantes del comité (PACIC) | C50: 0
A51: Cuenta con programa de capacitación para personal del establecimiento (PACPE) | C51: 0
A52: Cuenta con programa de capacitación para la población usuario/a (PACU) | C52: 0
A53: Cumple con los plazos para la recepción, análisis y emisión de recomendaciones | C53: 0
A54: El expediente de cada sesión se integra: solicitud de analisis, convocatoria de sesipón a los miembros, orden del día, lista de asistencia, minuta de sesión, emisión de recomendaciones y seguimiento de las mismas | C54: 0
A55: La minuta de la sesión contine: número consecutivo, fecha, hora, lugar donde se realizó, objetivo de la reunión, nombre y firma de cada integrante, constancia de conformidad con el desahogo de lo tratado en la reunión, documentos consultados, conclusiones, acuerdos o recomendaciones. | C55: 0
A56: El análisis se realiza con metodología específica. | C56: 0
A57: Las recomendaciones cuenta con al menos: nombre y clave de registro del comité, fecha, lugar y hora, nombre de quien solicita, problema planteado, docuemntos revisados, recomendaciones emitidas, nombre y firma de quien preside. | C57: 0
... A61: El o la responsable de la unidad, conoce las actividades que realiza el comité | C61: 0
A62: SUBTOTAL POR DOMINIO: | C62: =SUM(C46:C61) -> 0
A63: TOTAL DE LA EVALUACIÓN: | C63: =SUM(C62+C44+C35+C27) -> 0
A64: PORCENTAJE DE CUMPLIMIENTO: | C64: =(C63/44) -> 0
A65: (1) CUMPLE (0) NO CUMPLE (NA) NO APLICA
A66: RECOMENDACIONES: Artículo 41 Bis. Los establecimientos para la atención médica del sector público, social o privado del sistema nacional de salud, además de los señalados en los artículos 98 y 316 de la presente Ley, y de acuerdo con su grado de complejidad y nivel de resolución, contarán con los siguientes comités: I. Un Comité Hospitalario de Bioética para la resolución de los problemas derivados de la atención médica a que se refiere el artículo 33 de esta Ley; así como para el análisis, discusión y apoyo en la toma de decisiones respecto a los problemas bioéticos que se presenten en la práctica clínica o en la docencia que se imparte en el área de salud, así como promover la elaboración de lineamientos y guías éticas institucionales para la atención y la docencia médica. Asimismo, promoverá la educación bioética permanentemente de sus miembros y del personal del establecimiento, y II. En los casos de establecimientos de atención médica que lleven a cabo actividades de investigación en seres humanos, un Comité de Ética en Investigación que será responsable de evaluar y dictaminar los protocolos de investigación en seres humanos, formulando las recomendaciones de carácter ético que correspondan, así como de elaborar lineamientos y guías éticas institucionales para la investigación en salud, debiendo dar seguimiento a sus recomendaciones.
A69: OBSERVACIONES: se solicita una nueva reunión con los directivos para poder establecer un plan para la instalación del CHB.
A72: ACUERDOS: se solicita una cita para relizar capacitación al personal y buscar integrar a mas profesionales de la salud para la integración del CHB.
A75: FECHA DE CUMPLIMIENTO: | B75: inmediato.
A76: FIRMAS DE CONFORMIDAD DE QUIENES PARTICIPAN:
A77: CARGO EN LA INSTITUCIÓN: | B77: NOMBRE COMPLETO: | C77: FIRMA:
A78: Responsable del establecimiento: | B78: Eva Xochitiotzi Bautista
A79: Presidente o presidenta: | B79: Oliva Salazar Morales
A81: CARGO EN LA COBIET: | B81: NOMBRE COMPLETO: | C81: FIRMA:
A82: Responsable de CHB y CEI | B82: Raymundo Alejandro Cuevas Escalante
A83: Director de la COBIET | B83: Edgar Giron Soriano

Sheet CHBNativitas
A2: COMISIÓN DE BIOÉTICA DEL ESTADO DE TLAXCALA
A3: COMITÉS HOSPITALARIOS DE BIOÉTICA Y ÉTICA EN INVESTIGACIÓN
A4: CÉDULA DE VERIFICACIÓN
A5: Institución: | B5: Hospital General de Nativitas
A6: Responsable del establecimiento: | B6: Lessie Anghel Jimenez Arciniega
A7: Presidente o presidenta: | B7: Omar Jimenez Padilla
A8: Fecha de visita: | B8: 11/|10/2024
A9: Registro CONBIOÉTICA:
A10: CRITERIOS DE VERIFICACIÓN
A11: I.- INTEGRACIÓN:
A12: Registro vigente ante la CONBIOÉTICA | C12: 0
A13: Acta de instalacion actualizada y vigente | C13: 0
A14: Cartas de designación por cada integrante | C14: 1
A15: Cartas de confidencialidad por cada integrante | C15: 0
A16: Cartas compromiso de capacitación por integrante | C16: 1
A17: Mínimo de miembros necesarios: presidente, vocal secretario y cuatro vocales | C17: 1
A18: Cumple con no incluir personal del cuerpo directivo | C18: 1
A19: Su conformación es multidisciplinaria | C19: 1
A20: En la integración incluye representante de la comunidad | C20: 1
A21: Expedientes actualizados por cada integrante: CV, copia de título, cédula y constancias de capacitación en bioética | C21: 0
A22: Existe equidad de género en la integración del comité | C22: 1
A23: Se hace uso de lenguaje incluyente en la documentación | C23: 1
... A26: Los documentos se encuentra localizables, ordenados y resguardados | C26: 0
A27: SUBTOTAL POR DOMINIO: | C27: =SUM(C12:C26) -> 9
A28: II.- RECURSOS Y SUMINISTROS
A29: Cuenta con mecanismo de financiamiento para su operación | C29: 0
A30: Dispone de oficina para realizar actividades | C30: 0
A31: Cuenta con mobiliario y equipamiento para su funcionamiento | C31: 0
A32: Existen mecanismos para provisión de papeleria y demas insumos de oficina | C32: 1
A33: Dispone de un lugar para el resguardo de archivos o expedientes | C33: 1
A34: Cuenta con personal de apoyo administrativo | C34: 1
A35: SUBTOTAL POR DOMINIO: | C35: =SUM(C29:C34) -> 3
A36: III.- MARCO PROCEDIMENTAL
A37: Cuenta con reglamento interno para el funcionamiento del comité | C37: 0
A38: Cuenta con manual de organización del comité | C38: 0
A39: Cuenta con procedimiento para la solicitud de intervención en el análisis de casos o protocolos | C39: 0
A40: Cuenta con procedimiento para control y seguimiento de recomendaciones emitidas por el comité | C40: 0
A41: Cuenta con procedimiento para resguardo de la información | C41: 0
A42: Cuenta con procedimiento para sesiones oridnarias y extraordinarias | C42: 0
A43: Cuenta con procedimiento para comunicar recomendaciones | C43: 0
A44: SUBTOTAL POR DOMINIO: | C44: =SUM(C37:C43) -> 0
A45: IV.- OPERATIVIDAD
A46: Cuenta con guías operacionales, normas internacionales y nacionales, etcétera que ayuden al análisis y resolución de casos | C46: 0
A47: Cuenta con Programa Anual de Trabajo | C47: 0
A48: Cuenta con programacion anual de sesiones ordinarias (PASO) | C48: 0
A49: Cuenta con programa anual de sesiones generales (PASGE) | C49: 0
A50: Cuenta con programa anual de capacitación para integrantes del comité (PACIC) | C50: 0
A51: Cuenta con programa de capacitación para personal del establecimiento (PACPE) | C51: 0
A52: Cuenta con programa de capacitación para la población usuario/a (PACU) | C52: 0
A53: Cumple con los plazos para la recepción, análisis y emisión de recomendaciones | C53: 0
A54: El expediente de cada sesión se integra: solicitud de analisis, convocatoria de sesipón a los miembros, orden del día, lista de asistencia, minuta de sesión, emisión de recomendaciones y seguimiento de las mismas | C54: 0
A55: La minuta de la sesión contine: número consecutivo, fecha, hora, lugar donde se realizó, objetivo de la reunión, nombre y firma de cada integrante, constancia de conformidad con el desahogo de lo tratado en la reunión, documentos consultados, conclusiones, acuerdos o recomendaciones. | C55: 0
A56: El análisis se realiza con metodología específica. | C56: 0
A57: Las recomendaciones cuenta con al menos: nombre y clave de registro del comité, fecha, lugar y hora, nombre de quien solicita, problema planteado, docuemntos revisados, recomendaciones emitidas, nombre y firma de quien preside. | C57: 0
... A61: El o la responsable de la unidad, conoce las actividades que realiza el comité | C61: 0
A62: SUBTOTAL POR DOMINIO: | C62: =SUM(C46:C61) -> 0
A63: TOTAL DE LA EVALUACIÓN: | C63: =SUM(C62+C44+C35+C27) -> 12
A64: PORCENTAJE DE CUMPLIMIENTO: | C64: =(C63/44) -> 0.27272727
A65: (1) CUMPLE (0) NO CUMPLE (NA) NO APLICA
A66: OBSERVACIONES: se recabaran los documentos faltantes y se modificaran los establecido poniendo logos y firmas autografas además recabar docuemntos faltantes.
A69: RECOMENDACIONES: Artículo 41 Bis. Los establecimientos para la atención médica del sector público, social o privado del sistema nacional de salud, además de los señalados en los artículos 98 y 316 de la presente Ley, y de acuerdo con su grado de complejidad y nivel de resolución, contarán con los siguientes comités: I. Un Comité Hospitalario de Bioética para la resolución de los problemas derivados de la atención médica a que se refiere el artículo 33 de esta Ley; así como para el análisis, discusión y apoyo en la toma de decisiones respecto a los problemas bioéticos que se presenten en la práctica clínica o en la docencia que se imparte en el área de salud, así como promover la elaboración de lineamientos y guías éticas institucionales para la atención y la docencia médica. Asimismo, promoverá la educación bioética permanentemente de sus miembros y del personal del establecimiento, y II. En los casos de establecimientos de atención médica que lleven a cabo actividades de investigación en seres humanos, un Comité de Ética en Investigación que será responsable de evaluar y dictaminar los protocolos de investigación en seres humanos, formulando las recomendaciones de carácter ético que correspondan, así como de elaborar lineamientos y guías éticas institucionales para la investigación en salud, debiendo dar seguimiento a sus recomendaciones.
A72: ACUERDOS: se acuerda modificar los documentos y recabar los faltantes para poder enviarse a la brevedad.
A75: FECHA DE CUMPLIMIENTO: | B75: lunes 28 de octubre del 2024
A76: FIRMAS DE CONFORMIDAD DE QUIENES PARTICIPAN:
A77: CARGO EN LA INSTITUCIÓN: | B77: NOMBRE COMPLETO: | C77: FIRMA:
A78: Responsable del establecimiento: | B78: Lessie Anghel Jimenez Arciniega
A79: Presidente o presidenta: | B79: Omar Jimenez Padilla
A80: Vocal | B80: Armando Severiano Tellez
A81: CARGO EN LA COBIET: | B81: NOMBRE COMPLETO: | C81: FIRMA:
A82: Responsable de CHB y CEI | B82: Raymundo Alejandro Cuevas Escalante
A83: Director de la COBIET | B83: Edgar Giron Soriano

Sheet CHBHGSPM
A2: COMISIÓN DE BIOÉTICA DEL ESTADO DE TLAXCALA
A3: COMITÉS HOSPITALARIOS DE BIOÉTICA Y ÉTICA EN INVESTIGACIÓN
A4: CÉDULA DE VERIFICACIÓN
A5: Institución: | B5: Hospital General de San Pablo del Monte
A6: Responsable del establecimiento: | B6: Ivan Benjamin Ramos Corona
A7: Presidente o presidenta: | B7: Rocio Silvestre Ramirez
A8: Fecha de visita: | B8: 45537
A9: Registro CONBIOÉTICA:
A10: CRITERIOS DE VERIFICACIÓN
A11: I.- INTEGRACIÓN:
A12: Registro vigente ante la CONBIOÉTICA | C12: 1
A13: Acta de instalacion actualizada y vigente | C13: 1
A14: Cartas de designación por cada integrante | C14: 0
A15: Cartas de confidencialidad por cada integrante | C15: 0
A16: Cartas compromiso de capacitación por integrante | C16: 0
A17: Mínimo de miembros necesarios: presidente, vocal secretario y cuatro vocales | C17: 1
A18: Cumple con no incluir personal del cuerpo directivo | C18: 1
A19: Su conformación es multidisciplinaria | C19: 1
A20: En la integración incluye representante de la comunidad | C20: 1
A21: Expedientes actualizados por cada integrante: CV, copia de título, cédula y constancias de capacitación en bioética | C21: 0
A22: Existe equidad de género en la integración del comité | C22: 0
A23: Se hace uso de lenguaje incluyente en la documentación | C23: 0
... A26: Los documentos se encuentra localizables, ordenados y resguardados | C26: 1
A27: SUBTOTAL POR DOMINIO: | C27: =SUM(C12:C26) -> 7
A28: II.- RECURSOS Y SUMINISTROS
A29: Cuenta con mecanismo de financiamiento para su operación | C29: 0
A30: Dispone de oficina para realizar actividades | C30: 0
A31: Cuenta con mobiliario y equipamiento para su funcionamiento | C31: 0
A32: Existen mecanismos para provisión de papeleria y demas insumos de oficina | C32: 0
A33: Dispone de un lugar para el resguardo de archivos o expedientes | C33: 0
A34: Cuenta con personal de apoyo administrativo | C34: 0
A35: SUBTOTAL POR DOMINIO: | C35: =SUM(C29:C34) -> 0
A36: III.- MARCO PROCEDIMENTAL
A37: Cuenta con reglamento interno para el funcionamiento del comité | C37: 0
A38: Cuenta con manual de organización del comité | C38: 0
A39: Cuenta con procedimiento para la solicitud de intervención en el análisis de casos o protocolos | C39: 0
A40: Cuenta con procedimiento para control y seguimiento de recomendaciones emitidas por el comité | C40: 0
A41: Cuenta con procedimiento para resguardo de la información | C41: 0
A42: Cuenta con procedimiento para sesiones oridnarias y extraordinarias | C42: 0
A43: Cuenta con procedimiento para comunicar recomendaciones | C43: 0
A44: SUBTOTAL POR DOMINIO: | C44: =SUM(C37:C43) -> 0
A45: IV.- OPERATIVIDAD
A46: Cuenta con guías operacionales, normas internacionales y nacionales, etcétera que ayuden al análisis y resolución de casos | C46: 1
A47: Cuenta con Programa Anual de Trabajo | C47: 0
A48: Cuenta con programacion anual de sesiones ordinarias (PASO) | C48: 0
A49: Cuenta con programa anual de sesiones generales (PASGE) | C49: 0
A50: Cuenta con programa anual de capacitación para integrantes del comité (PACIC) | C50: 0
A51: Cuenta con programa de capacitación para personal del establecimiento (PACPE) | C51: 0
A52: Cuenta con programa de capacitación para la población usuario/a (PACU) | C52: 0
A53: Cumple con los plazos para la recepción, análisis y emisión de recomendaciones | C53: 0
A54: El expediente de cada sesión se integra: solicitud de analisis, convocatoria de sesipón a los miembros, orden del día, lista de asistencia, minuta de sesión, emisión de recomendaciones y seguimiento de las mismas | C54: 0
A55: La minuta de la sesión contine: número consecutivo, fecha, hora, lugar donde se realizó, objetivo de la reunión, nombre y firma de cada integrante, constancia de conformidad con el desahogo de lo tratado en la reunión, documentos consultados, conclusiones, acuerdos o recomendaciones. | C55: 0
A56: El análisis se realiza con metodología específica. | C56: 0
A57: Las recomendaciones cuenta con al menos: nombre y clave de registro del comité, fecha, lugar y hora, nombre de quien solicita, problema planteado, docuemntos revisados, recomendaciones emitidas, nombre y firma de quien preside. | C57: 0
... A61: El o la responsable de la unidad, conoce las actividades que realiza el comité | C61: 1
A62: SUBTOTAL POR DOMINIO: | C62: =SUM(C46:C61) -> 2
A63: TOTAL DE LA EVALUACIÓN: | C63: =SUM(C62+C44+C35+C27) -> 9
A64: PORCENTAJE DE CUMPLIMIENTO: | C64: =(C63/44) -> 0.20454545
A65: (1) CUMPLE (0) NO CUMPLE (NA) NO APLICA
A66: OBSERVACIONES: se cuenta con registro vigente sin embargo no esta considerado en la carpeta del comité que se presenta a revisión por lo que no se tiene la integración del mismo.
A69: RECOMENDACIONES: favor de localizar la carpeta con los documentos emitidos para la solicitud de renovación en agosto del 2023 a partir del cual se podran considerar los documentos presentados en esta visita.
A72: ACUERDOS: presentar dos alternativas de fechas para realizar el curso bioética para la salud al interior del hospital durante el mes de septiembre así como recabar la información solicitada para el dia del evento, así como su registro ante la CONBIOET.
A75: FECHA DE CUMPLIMIENTO: | B75: 45544
A76: FIRMAS DE CONFORMIDAD DE QUIENES PARTICIPAN:
A77: CARGO EN LA INSTITUCIÓN: | B77: NOMBRE COMPLETO: | C77: FIRMA:
A78: Responsable del establecimiento: | B78: Ivan Benjamin Ramos Corona
A79: Presidente o presidenta: | B79: Rocio Silvetre Ramirez
A81: CARGO EN LA COBIET: | B81: NOMBRE COMPLETO: | C81: FIRMA:
A82: Responsable de CHB y CEI | B82: Raymundo Alejandro Cuevas Escalante
A83: Director de la COBIET | B83: Edgar Giron Soriano

Sheet CHBHCZ
A2: COMISIÓN DE BIOÉTICA DEL ESTADO DE TLAXCALA
A3: COMITÉS HOSPITALARIOS DE BIOÉTICA Y ÉTICA EN INVESTIGACIÓN
A4: CÉDULA DE VERIFICACIÓN
A5: Institución: | B5: Hospital Comunitario de Zacatelco
A6: Responsable del establecimiento: | B6: Jose Antonio Ruiz Cañizales
A7: Presidente o presidenta: | B7: Jenny Lima Martinez
A8: Fecha de visita: | B8: 45491
A9: Registro CONBIOÉTICA: | B9: COBIOETICA29CHB011820171023
A10: CRITERIOS DE VERIFICACIÓN
A11: I.- INTEGRACIÓN:
A12: Registro vigente ante la CONBIOÉTICA | C12: 1
A13: Acta de instalacion actualizada y vigente | C13: 0
A14: Cartas de designación por cada integrante | C14: 0
A15: Cartas de confidencialidad por cada integrante | C15: 0
A16: Cartas compromiso de capacitación por integrante | C16: 0
A17: Mínimo de miembros necesarios: presidente, vocal secretario y cuatro vocales | C17: 0
A18: Cumple con no incluir personal del cuerpo directivo | C18: 1
A19: Su conformación es multidisciplinaria | C19: 0
A20: En la integración incluye representante de la comunidad | C20: 0
A21: Expedientes actualizados por cada integrante: CV, copia de título, cédula y constancias de capacitación en bioética | C21: 1
A22: Existe equidad de género en la integración del comité | C22: 0
A23: Se hace uso de lenguaje incluyente en la documentación | C23: 0
... A26: Los documentos se encuentra localizables, ordenados y resguardados | C26: 1
A27: SUBTOTAL POR DOMINIO: | C27: =SUM(C12:C26) -> 6
A28: II.- RECURSOS Y SUMINISTROS
A29: Cuenta con mecanismo de financiamiento para su operación | C29: 0
A30: Dispone de oficina para realizar actividades | C30: 0
A31: Cuenta con mobiliario y equipamiento para su funcionamiento | C31: 0
A32: Existen mecanismos para provisión de papeleria y demas insumos de oficina | C32: 0
A33: Dispone de un lugar para el resguardo de archivos o expedientes | C33: 1
A34: Cuenta con personal de apoyo administrativo | C34: 0
A35: SUBTOTAL POR DOMINIO: | C35: =SUM(C29:C34) -> 1
A36: III.- MARCO PROCEDIMENTAL
A37: Cuenta con reglamento interno para el funcionamiento del comité | C37: 0
A38: Cuenta con manual de organización del comité | C38: 0
A39: Cuenta con procedimiento para la solicitud de intervención en el análisis de casos o protocolos | C39: 0
A40: Cuenta con procedimiento para control y seguimiento de recomendaciones emitidas por el comité | C40: 0
A41: Cuenta con procedimiento para resguardo de la información | C41: 0
A42: Cuenta con procedimiento para sesiones oridnarias y extraordinarias | C42: 0
A43: Cuenta con procedimiento para comunicar recomendaciones | C43: 0
A44: SUBTOTAL POR DOMINIO: | C44: =SUM(C37:C43) -> 0
A45: IV.- OPERATIVIDAD
A46: Cuenta con guías operacionales, normas internacionales y nacionales, etcétera que ayuden al análisis y resolución de casos | C46: 0
A47: Cuenta con Programa Anual de Trabajo | C47: 0
A48: Cuenta con programacion anual de sesiones ordinarias (PASO) | C48: 1
A49: Cuenta con programa anual de sesiones generales (PASGE) | C49: 0
A50: Cuenta con programa anual de capacitación para integrantes del comité (PACIC) | C50: 0
A51: Cuenta con programa de capacitación para personal del establecimiento (PACPE) | C51: 0
A52: Cuenta con programa de capacitación para la población usuario/a (PACU) | C52: 0
A53: Cumple con los plazos para la recepción, análisis y emisión de recomendaciones | C53: 0
A54: El expediente de cada sesión se integra: solicitud de analisis, convocatoria de sesipón a los miembros, orden del día, lista de asistencia, minuta de sesión, emisión de recomendaciones y seguimiento de las mismas | C54: 1
A55: La minuta de la sesión contine: número consecutivo, fecha, hora, lugar donde se realizó, objetivo de la reunión, nombre y firma de cada integrante, constancia de conformidad con el desahogo de lo tratado en la reunión, documentos consultados, conclusiones, acuerdos o recomendaciones. | C55: 0
A56: El análisis se realiza con metodología específica. | C56: 1
A57: Las recomendaciones cuenta con al menos: nombre y clave de registro del comité, fecha, lugar y hora, nombre de quien solicita, problema planteado, docuemntos revisados, recomendaciones emitidas, nombre y firma de quien preside. | C57: 0
... A61: El o la responsable de la unidad, conoce las actividades que realiza el comité | C61: 0
A62: SUBTOTAL POR DOMINIO: | C62: =SUM(C46:C61) -> 3
A63: TOTAL DE LA EVALUACIÓN: | C63: =SUM(C62+C44+C35+C27) -> 10
A64: PORCENTAJE DE CUMPLIMIENTO: | C64: =(C63/44) -> 0.22727273
A65: (1) CUMPLE (0) NO CUMPLE (NA) NO APLICA
A66: OBSERVACIONES: por cambios en el cuerpo directivo no fue posible continuar con las actividades del comité durante el 2024 ya que la presidenta fue quien se hizo cargo de la dirección, ademas de la renuncia de 3 de los integrantes del comité.
A69: RECOMENDACIONES: Artículo 41 Bis. Los establecimientos para la atención médica del sector público, social o privado del sistema nacional de salud, además de los señalados en los artículos 98 y 316 de la presente Ley, y de acuerdo con su grado de complejidad y nivel de resolución, contarán con los siguientes comités: I. Un Comité Hospitalario de Bioética para la resolución de los problemas derivados de la atención médica a que se refiere el artículo 33 de esta Ley; así como para el análisis, discusión y apoyo en la toma de decisiones respecto a los problemas bioéticos que se presenten en la práctica clínica o en la docencia que se imparte en el área de salud, así como promover la elaboración de lineamientos y guías éticas institucionales para la atención y la docencia médica. Asimismo, promoverá la educación bioética permanentemente de sus miembros y del personal del establecimiento, y II. En los casos de establecimientos de atención médica que lleven a cabo actividades de investigación en seres humanos, un Comité de Ética en Investigación que será responsable de evaluar y dictaminar los protocolos de investigación en seres humanos, formulando las recomendaciones de carácter ético que correspondan, así como de elaborar lineamientos y guías éticas institucionales para la investigación en salud, debiendo dar seguimiento a sus recomendaciones.
A72: ACUERDOS: se continuara con la reinstalación del comité y se solicita que se ingresen nuevos vocales de preferencia varones para cumplir con la equidad de género, ademas de elaborar el plan de trababajo y retomar el cronogramda de actividades, se les invita a enviar la documentación para notificar a la CONBIOETICA antes del 31 de julio par apoder solicitar la renovación en el mes de agosto del año en curso y no perder su vigencia.
A75: FECHA DE CUMPLIMIENTO: | B75: 31 de julio del 2024
A76: FIRMAS DE CONFORMIDAD DE QUIENES PARTICIPAN:
A77: CARGO EN LA INSTITUCIÓN: | B77: NOMBRE COMPLETO: | C77: FIRMA:
A78: Responsable del establecimiento: | B78: Jose Antonio Ruiz Cañizales
A79: Presidente o presidenta: | B79: Jenny Lima Martinez
A81: CARGO EN LA COBIET: | B81: NOMBRE COMPLETO: | C81: FIRMA:
A82: Responsable de CHB y CEI | B82: Raymundo Alejandro Cuevas Escalante
A83: Director de la COBIET | B83: Edgar Giron Soriano

Sheet CHBIMSSZ8
A2: COMISIÓN DE BIOÉTICA DEL ESTADO DE TLAXCALA
A3: COMITÉS HOSPITALARIOS DE BIOÉTICA Y ÉTICA EN INVESTIGACIÓN
A4: CÉDULA DE VERIFICACIÓN
A5: Institución: | B5: Hospital General de Zona #8 IMSS
A6: Responsable del establecimiento: | B6: Dra. Rosalba Rodriguez Ávila
A7: Presidente o presidenta: | B7: Dra. Zitlali Portillo García
A8: Fecha de visita: | B8: 45468
A9: Registro CONBIOÉTICA: | B9: COBIOÉTICA-CHB-01220140606
A10: CRITERIOS DE VERIFICACIÓN
A11: I.- INTEGRACIÓN:
A12: Registro vigente ante la CONBIOÉTICA | C12: 1
A13: Acta de instalacion actualizada y vigente | C13: 1
A14: Cartas de designación por cada integrante | C14: 1
A15: Cartas de confidencialidad por cada integrante | C15: 1
A16: Cartas compromiso de capacitación por integrante | C16: 1
A17: Mínimo de miembros necesarios: presidente, vocal secretario y cuatro vocales | C17: 1
A18: Cumple con no incluir personal del cuerpo directivo | C18: 1
A19: Su conformación es multidisciplinaria | C19: 0
A20: En la integración incluye representante de la comunidad | C20: 0
A21: Expedientes actualizados por cada integrante: CV, copia de título, cédula y constancias de capacitación en bioética | C21: 1
A22: Existe equidad de género en la integración del comité | C22: 0
A23: Se hace uso de lenguaje incluyente en la documentación | C23: 0
... A26: Los documentos se encuentra localizables, ordenados y resguardados | C26: 0
A27: SUBTOTAL POR DOMINIO: | C27: =SUM(C12:C26) -> 10
A28: II.- RECURSOS Y SUMINISTROS
A29: Cuenta con mecanismo de financiamiento para su operación | C29: 0
A30: Dispone de oficina para realizar actividades | C30: 0
A31: Cuenta con mobiliario y equipamiento para su funcionamiento | C31: 0
A32: Existen mecanismos para provisión de papeleria y demas insumos de oficina | C32: 0
A33: Dispone de un lugar para el resguardo de archivos o expedientes | C33: 0
A34: Cuenta con personal de apoyo administrativo | C34: 0
A35: SUBTOTAL POR DOMINIO: | C35: =SUM(C29:C34) -> 0
A36: III.- MARCO PROCEDIMENTAL
A37: Cuenta con reglamento interno para el funcionamiento del comité | C37: 1
A38: Cuenta con manual de organización del comité | C38: 1
A39: Cuenta con procedimiento para la solicitud de intervención en el análisis de casos o protocolos | C39: 1
A40: Cuenta con procedimiento para control y seguimiento de recomendaciones emitidas por el comité | C40: 1
A41: Cuenta con procedimiento para resguardo de la información | C41: 0
A42: Cuenta con procedimiento para sesiones oridnarias y extraordinarias | C42: 1
A43: Cuenta con procedimiento para comunicar recomendaciones | C43: 1
A44: SUBTOTAL POR DOMINIO: | C44: =SUM(C37:C43) -> 6
A45: IV.- OPERATIVIDAD
A46: Cuenta con guías operacionales, normas internacionales y nacionales, etcétera que ayuden al análisis y resolución de casos | C46: 0
A47: Cuenta con Programa Anual de Trabajo | C47: 1
A48: Cuenta con programacion anual de sesiones ordinarias (PASO) | C48: 1
A49: Cuenta con programa anual de sesiones generales (PASGE) | C49: 1
A50: Cuenta con programa anual de capacitación para integrantes del comité (PACIC) | C50: 1
A51: Cuenta con programa de capacitación para personal del establecimiento (PACPE) | C51: 1
A52: Cuenta con programa de capacitación para la población usuario/a (PACU) | C52: 0
A53: Cumple con los plazos para la recepción, análisis y emisión de recomendaciones | C53: 1
A54: El expediente de cada sesión se integra: solicitud de analisis, convocatoria de sesipón a los miembros, orden del día, lista de asistencia, minuta de sesión, emisión de recomendaciones y seguimiento de las mismas | C54: 1
A55: La minuta de la sesión contine: número consecutivo, fecha, hora, lugar donde se realizó, objetivo de la reunión, nombre y firma de cada integrante, constancia de conformidad con el desahogo de lo tratado en la reunión, documentos consultados, conclusiones, acuerdos o recomendaciones. | C55: 1
A56: El análisis se realiza con metodología específica. | C56: 1
A57: Las recomendaciones cuenta con al menos: nombre y clave de registro del comité, fecha, lugar y hora, nombre de quien solicita, problema planteado, docuemntos revisados, recomendaciones emitidas, nombre y firma de quien preside. | C57: 1
... A61: El o la responsable de la unidad, conoce las actividades que realiza el comité | C61: 0
A62: SUBTOTAL POR DOMINIO: | C62: =SUM(C46:C61) -> 12
A63: TOTAL DE LA EVALUACIÓN: | C63: =SUM(C62+C44+C35+C27) -> 28
A64: PORCENTAJE DE CUMPLIMIENTO: | C64: =(C63/44) -> 0.63636364
A65: (1) CUMPLE (0) NO CUMPLE (NA) NO APLICA
A66: OBSERVACIONES: se solicita incorporar al programa de sesiones hospitalarias temas de bioética para lo cual se oferta el apoyo de la COBIET.
A69: RECOMENDACIONES: acercamiento con los directivos de la unidad para solicitar el apoyo en el adecuado funcionamiento del CHB.
A72: ACUERDOS:
A75: FECHA DE CUMPLIMIENTO: | B75: 45468
A76: FIRMAS DE CONFORMIDAD DE QUIENES PARTICIPAN:
A77: CARGO EN LA INSTITUCIÓN: | B77: NOMBRE COMPLETO: | C77: FIRMA:
A78: Responsable del establecimiento: | B78: Dra. Rosalba Rodriguez Ávila
A79: Presidente o presidenta: | B79: Dra. Zitlali Portillo García
A81: CARGO EN LA COBIET: | B81: NOMBRE COMPLETO: | C81: FIRMA:
A82: Responsable de CHB y CEI | B82: Raymundo Alejandro Cuevas Escalante
A83: Director de la COBIET | B83: Edgar Giron Soriano

Sheet CHBIMSSZ1
A2: COMISIÓN DE BIOÉTICA DEL ESTADO DE TLAXCALA
A3: COMITÉS HOSPITALARIOS DE BIOÉTICA Y ÉTICA EN INVESTIGACIÓN
A4: CÉDULA DE VERIFICACIÓN
A5: Institución: | B5: Hospital General de zona #1 IMSS
A6: Responsable del establecimiento: | B6: Dra. Karla Mendiola Ramirez
A7: Presidente o presidenta: | B7: Dr. Jose Luis Carmona Rodriguez
A8: Fecha de visita: | B8: 45462
A9: Registro CONBIOÉTICA: | B9: CONBIOÉTICA29CHB011320150604
A10: CRITERIOS DE VERIFICACIÓN
A11: I.- INTEGRACIÓN:
A12: Registro vigente ante la CONBIOÉTICA | C12: 1
A13: Acta de instalacion actualizada y vigente | C13: 0
A14: Cartas de designación por cada integrante | C14: 1
A15: Cartas de confidencialidad por cada integrante | C15: 0
A16: Cartas compromiso de capacitación por integrante | C16: 0
A17: Mínimo de miembros necesarios: presidente, vocal secretario y cuatro vocales | C17: 1
A18: Cumple con no incluir personal del cuerpo directivo | C18: 1
A19: Su conformación es multidisciplinaria | C19: 1
A20: En la integración incluye representante de la comunidad | C20: 1
A21: Expedientes actualizados por cada integrante: CV, copia de título, cédula y constancias de capacitación en bioética | C21: 0
A22: Existe equidad de género en la integración del comité | C22: 0
A23: Se hace uso de lenguaje incluyente en la documentación | C23: 0
... A26: Los documentos se encuentra localizables, ordenados y resguardados | C26: 1
A27: SUBTOTAL POR DOMINIO: | C27: =SUM(C12:C26) -> 9
A28: II.- RECURSOS Y SUMINISTROS
A29: Cuenta con mecanismo de financiamiento para su operación | C29: 0
A30: Dispone de oficina para realizar actividades | C30: 0
A31: Cuenta con mobiliario y equipamiento para su funcionamiento | C31: 0
A32: Existen mecanismos para provisión de papeleria y demas insumos de oficina | C32: 0
A33: Dispone de un lugar para el resguardo de archivos o expedientes | C33: 0
A34: Cuenta con personal de apoyo administrativo | C34: 0
A35: SUBTOTAL POR DOMINIO: | C35: =SUM(C29:C34) -> 0
A36: III.- MARCO PROCEDIMENTAL
A37: Cuenta con reglamento interno para el funcionamiento del comité | C37: 0
A38: Cuenta con manual de organización del comité | C38: 0
A39: Cuenta con procedimiento para la solicitud de intervención en el análisis de casos o protocolos | C39: 0
A40: Cuenta con procedimiento para control y seguimiento de recomendaciones emitidas por el comité | C40: 0
A41: Cuenta con procedimiento para resguardo de la información | C41: 0
A42: Cuenta con procedimiento para sesiones oridnarias y extraordinarias | C42: 0
A43: Cuenta con procedimiento para comunicar recomendaciones | C43: 0
A44: SUBTOTAL POR DOMINIO: | C44: =SUM(C37:C43) -> 0
A45: IV.- OPERATIVIDAD
A46: Cuenta con guías operacionales, normas internacionales y nacionales, etcétera que ayuden al análisis y resolución de casos | C46: 0
A47: Cuenta con Programa Anual de Trabajo | C47: 0
A48: Cuenta con programacion anual de sesiones ordinarias (PASO) | C48: 1
A49: Cuenta con programa anual de sesiones generales (PASGE) | C49: 0
A50: Cuenta con programa anual de capacitación para integrantes del comité (PACIC) | C50: 0
A51: Cuenta con programa de capacitación para personal del establecimiento (PACPE) | C51: 0
A52: Cuenta con programa de capacitación para la población usuario/a (PACU) | C52: 0
A53: Cumple con los plazos para la recepción, análisis y emisión de recomendaciones | C53: 0
A54: El expediente de cada sesión se integra: solicitud de analisis, convocatoria de sesipón a los miembros, orden del día, lista de asistencia, minuta de sesión, emisión de recomendaciones y seguimiento de las mismas | C54: 0
A55: La minuta de la sesión contine: número consecutivo, fecha, hora, lugar donde se realizó, objetivo de la reunión, nombre y firma de cada integrante, constancia de conformidad con el desahogo de lo tratado en la reunión, documentos consultados, conclusiones, acuerdos o recomendaciones. | C55: 0
A56: El análisis se realiza con metodología específica. | C56: 0
A57: Las recomendaciones cuenta con al menos: nombre y clave de registro del comité, fecha, lugar y hora, nombre de quien solicita, problema planteado, docuemntos revisados, recomendaciones emitidas, nombre y firma de quien preside. | C57: 0
... A61: El o la responsable de la unidad, conoce las actividades que realiza el comité | C61: 0
A62: SUBTOTAL POR DOMINIO: | C62: =SUM(C46:C61) -> 1
A63: TOTAL DE LA EVALUACIÓN: | C63: =SUM(C62+C44+C35+C27) -> 10
A64: PORCENTAJE DE CUMPLIMIENTO: | C64: =(C63/44) -> 0.22727273
A65: (1) CUMPLE (0) NO CUMPLE (NA) NO APLICA
A66: OBSERVACIONES: se identifica que no han existido sesiones de casos clínicos por lo que se han realizado sesiones de revisión o hemoragráficas mismas que deberan reportarse como productividad mensual.
A69: RECOMENDACIONES: se solicita realizar el tramite de renovación de registro y posteriormente notificar el cambio de presidente para poder iniciar las actividades de capacitación.
A72: ACUERDOS: considerando la necesidad imperiosa de renovación se enviaran los documentos a la brevada.
A75: FECHA DE CUMPLIMIENTO: | B75: 45494
A76: FIRMAS DE CONFORMIDAD DE QUIENES PARTICIPAN:
A77: CARGO EN LA INSTITUCIÓN: | B77: NOMBRE COMPLETO: | C77: FIRMA:
A78: Responsable del establecimiento: | B78: Dra. Karla Mendiola Ramirez
A79: Presidente o presidenta: | B79: Dr. Jose Luis Carmona Rodriguez
A81: CARGO EN LA COBIET: | B81: NOMBRE COMPLETO: | C81: FIRMA:
A82: Responsable de CHB y CEI | B82: Raymundo Alejandro Cuevas Escalante
A83: Director de la COBIET | B83: Edgar Giron Soriano

Sheet CHBISSSTE
A2: COMISIÓN DE BIOÉTICA DEL ESTADO DE TLAXCALA
A3: COMITÉS HOSPITALARIOS DE BIOÉTICA Y ÉTICA EN INVESTIGACIÓN
A4: CÉDULA DE VERIFICACIÓN
A5: Institución: | B5: Hospital General ISSSTE
A6: Responsable del establecimiento: | B6: Dr. Victor Hugo Pedraza Hernández
A7: Presidente o presidenta: | B7: LEI. Ilenny Alejandra Merchant Ortiz
A8: Fecha de visita: | B8: 45095
A9: Registro CONBIOÉTICA: | B9: No
A10: CRITERIOS DE VERIFICACIÓN
A11: I.- INTEGRACIÓN:
A12: Registro vigente ante la CONBIOÉTICA | C12: 0
A13: Acta de instalacion actualizada y vigente | C13: 1
A14: Cartas de designación por cada integrante | C14: 1
A15: Cartas de confidencialidad por cada integrante | C15: 1
A16: Cartas compromiso de capacitación por integrante | C16: 1
A17: Mínimo de miembros necesarios: presidente, vocal secretario y cuatro vocales | C17: 1
A18: Cumple con no incluir personal del cuerpo directivo | C18: 1
A19: Su conformación es multidisciplinaria | C19: 1
A20: En la integración incluye representante de la comunidad | C20: 1
A21: Expedientes actualizados por cada integrante: CV, copia de título, cédula y constancias de capacitación en bioética | C21: 0
A22: Existe equidad de género en la integración del comité | C22: 0
A23: Se hace uso de lenguaje incluyente en la documentación | C23: 0
... A26: Los documentos se encuentra localizables, ordenados y resguardados | C26: 0
A27: SUBTOTAL POR DOMINIO: | C27: =SUM(C12:C26) -> 10
A28: II.- RECURSOS Y SUMINISTROS
A29: Cuenta con mecanismo de financiamiento para su operación | C29: 0
A30: Dispone de oficina para realizar actividades | C30: 0
A31: Cuenta con mobiliario y equipamiento para su funcionamiento | C31: 0
A32: Existen mecanismos para provisión de papeleria y demas insumos de oficina | C32: 0
A33: Dispone de un lugar para el resguardo de archivos o expedientes | C33: 1
A34: Cuenta con personal de apoyo administrativo | C34: 0
A35: SUBTOTAL POR DOMINIO: | C35: =SUM(C29:C34) -> 1
A36: III.- MARCO PROCEDIMENTAL
A37: Cuenta con reglamento interno para el funcionamiento del comité | C37: 0
A38: Cuenta con manual de organización del comité | C38: 0
A39: Cuenta con procedimiento para la solicitud de intervención en el análisis de casos o protocolos | C39: 0
A40: Cuenta con procedimiento para control y seguimiento de recomendaciones emitidas por el comité | C40: 0
A41: Cuenta con procedimiento para resguardo de la información | C41: 0
A42: Cuenta con procedimiento para sesiones oridnarias y extraordinarias | C42: 0
A43: Cuenta con procedimiento para comunicar recomendaciones | C43: 0
A44: SUBTOTAL POR DOMINIO: | C44: =SUM(C37:C43) -> 0
A45: IV.- OPERATIVIDAD
A46: Cuenta con guías operacionales, normas internacionales y nacionales, etcétera que ayuden al análisis y resolución de casos | C46: 0
A47: Cuenta con Programa Anual de Trabajo | C47: 0
A48: Cuenta con programacion anual de sesiones ordinarias (PASO) | C48: 0
A49: Cuenta con programa anual de sesiones generales (PASGE) | C49: 0
A50: Cuenta con programa anual de capacitación para integrantes del comité (PACIC) | C50: 0
A51: Cuenta con programa de capacitación para personal del establecimiento (PACPE) | C51: 0
A52: Cuenta con programa de capacitación para la población usuario/a (PACU) | C52: 0
A53: Cumple con los plazos para la recepción, análisis y emisión de recomendaciones | C53: 0
A54: El expediente de cada sesión se integra: solicitud de analisis, convocatoria de sesipón a los miembros, orden del día, lista de asistencia, minuta de sesión, emisión de recomendaciones y seguimiento de las mismas | C54: 0
A55: La minuta de la sesión contine: número consecutivo, fecha, hora, lugar donde se realizó, objetivo de la reunión, nombre y firma de cada integrante, constancia de conformidad con el desahogo de lo tratado en la reunión, documentos consultados, conclusiones, acuerdos o recomendaciones. | C55: 0
A56: El análisis se realiza con metodología específica. | C56: 0
A57: Las recomendaciones cuenta con al menos: nombre y clave de registro del comité, fecha, lugar y hora, nombre de quien solicita, problema planteado, docuemntos revisados, recomendaciones emitidas, nombre y firma de quien preside. | C57: 0
... A61: El o la responsable de la unidad, conoce las actividades que realiza el comité | C61: 0
A62: SUBTOTAL POR DOMINIO: | C62: =SUM(C46:C61) -> 0
A63: TOTAL DE LA EVALUACIÓN: | C63: =SUM(C62+C44+C35+C27) -> 11
A64: PORCENTAJE DE CUMPLIMIENTO: | C64: =(C63/44) -> 0.25
A65: (1) CUMPLE (0) NO CUMPLE (NA) NO APLICA
A66: OBSERVACIONES: después de la reunión sostenida el 27 de marzo del año en curso, en el que se establecieron acuerdos para la integración del comité de ética en investigación se procede a realizar la supervición de las acciones implementadas para cumplir con dicho objetivo, sin aun no se han culminado.
A69: RECOMENDACIONES: Artículo 41 Bis. Los establecimientos para la atención médica del sector público, social o privado del sistema nacional de salud, además de los señalados en los artículos 98 y 316 de la presente Ley, y de acuerdo con su grado de complejidad y nivel de resolución, contarán con los siguientes comités: I. Un Comité Hospitalario de Bioética para la resolución de los problemas derivados de la atención médica a que se refiere el artículo 33 de esta Ley; así como para el análisis, discusión y apoyo en la toma de decisiones respecto a los problemas bioéticos que se presenten en la práctica clínica o en la docencia que se imparte en el área de salud, así como promover la elaboración de lineamientos y guías éticas institucionales para la atención y la docencia médica. Asimismo, promoverá la educación bioética permanentemente de sus miembros y del personal del establecimiento, y II. En los casos de establecimientos de atención médica que lleven a cabo actividades de investigación en seres humanos, un Comité de Ética en Investigación que será responsable de evaluar y dictaminar los protocolos de investigación en seres humanos, formulando las recomendaciones de carácter ético que correspondan, así como de elaborar lineamientos y guías éticas institucionales para la investigación en salud, debiendo dar seguimiento a sus recomendaciones.
A72: ACUERDOS: para el día lunes 24 del corriente se revisaran los documentos para su envio a la CONBIOÉTICA. Se realizara un seminario para la institución con la finalidad de inaugurar y presentar el dictamen de registro ante la CONBIOÉTICA.
A75: FECHA DE CUMPLIMIENTO: | B75: 45504
A76: FIRMAS DE CONFORMIDAD DE QUIENES PARTICIPAN:
A77: CARGO EN LA INSTITUCIÓN: | B77: NOMBRE COMPLETO: | C77: FIRMA:
A78: Responsable del establecimiento: | B78: Dr. Victor Hugo Pedraza Hernández
A79: Presidente o presidenta: | B79: LEI. Ilenny Alejandra Merchant Ortiz
A81: CARGO EN LA COBIET: | B81: NOMBRE COMPLETO: | C81: FIRMA:
A82: Responsable de CHB y CEI | B82: Raymundo Alejandro Cuevas Escalante
A83: Director de la COBIET | B83: Edgar Giron Soriano

Sheet CEIISSSTE
A2: COMISIÓN DE BIOÉTICA DEL ESTADO DE TLAXCALA
A3: COMITÉS HOSPITALARIOS DE BIOÉTICA Y ÉTICA EN INVESTIGACIÓN
A4: CÉDULA DE VERIFICACIÓN
A5: Institución: | B5: Hospital General ISSSTE
A6: Responsable del establecimiento: | B6: Dr. Victor Hugo Pedraza Hernández
A7: Presidente o presidenta: | B7: Dr. Carlos Arutor Jiménez Barreto
A8: Fecha de visita: | B8: 45491
A9: Registro CONBIOÉTICA: | B9: no
A10: CRITERIOS DE VERIFICACIÓN
A11: I.- INTEGRACIÓN:
A12: Registro vigente ante la CONBIOÉTICA | C12: 0
A13: Acta de instalacion actualizada y vigente | C13: 0
A14: Cartas de designación por cada integrante | C14: 0
A15: Cartas de confidencialidad por cada integrante | C15: 0
A16: Cartas compromiso de capacitación por integrante | C16: 0
A17: Mínimo de miembros necesarios: presidente, vocal secretario y cuatro vocales | C17: 0
A18: Cumple con no incluir personal del cuerpo directivo | C18: 0
A19: Su conformación es multidisciplinaria | C19: 0
A20: En la integración incluye representante de la comunidad | C20: 0
A21: Expedientes actualizados por cada integrante: CV, copia de título, cédula y constancias de capacitación en bioética | C21: 0
A22: Existe equidad de género en la integración del comité | C22: 0
A23: Se hace uso de lenguaje incluyente en la documentación | C23: 0
... A26: Los documentos se encuentra localizables, ordenados y resguardados | C26: 0
A27: SUBTOTAL POR DOMINIO: | C27: =SUM(C12:C26) -> 0
A28: II.- RECURSOS Y SUMINISTROS
A29: Cuenta con mecanismo de financiamiento para su operación | C29: 0
A30: Dispone de oficina para realizar actividades | C30: 0
A31: Cuenta con mobiliario y equipamiento para su funcionamiento | C31: 0
A32: Existen mecanismos para provisión de papeleria y demas insumos de oficina | C32: 0
A33: Dispone de un lugar para el resguardo de archivos o expedientes | C33: 0
A34: Cuenta con personal de apoyo administrativo | C34: 0
A35: SUBTOTAL POR DOMINIO: | C35: =SUM(C29:C34) -> 0
A36: III.- MARCO PROCEDIMENTAL
A37: Cuenta con reglamento interno para el funcionamiento del comité | C37: 0
A38: Cuenta con manual de organización del comité | C38: 0
A39: Cuenta con procedimiento para la solicitud de intervención en el análisis de casos o protocolos | C39: 0
A40: Cuenta con procedimiento para control y seguimiento de recomendaciones emitidas por el comité | C40: 0
A41: Cuenta con procedimiento para resguardo de la información | C41: 0
A42: Cuenta con procedimiento para sesiones oridnarias y extraordinarias | C42: 0
A43: Cuenta con procedimiento para comunicar recomendaciones | C43: 0
A44: SUBTOTAL POR DOMINIO: | C44: =SUM(C37:C43) -> 0
A45: IV.- OPERATIVIDAD
A46: Cuenta con guías operacionales, normas internacionales y nacionales, etcétera que ayuden al análisis y resolución de casos | C46: 0
A47: Cuenta con Programa Anual de Trabajo | C47: 0
A48: Cuenta con programacion anual de sesiones ordinarias (PASO) | C48: 0
A49: Cuenta con programa anual de sesiones generales (PASGE) | C49: 0
A50: Cuenta con programa anual de capacitación para integrantes del comité (PACIC) | C50: 0
A51: Cuenta con programa de capacitación para personal del establecimiento (PACPE) | C51: 0
A52: Cuenta con programa de capacitación para la población usuario/a (PACU) | C52: 0
A53: Cumple con los plazos para la recepción, análisis y emisión de recomendaciones | C53: 0
A54: El expediente de cada sesión se integra: solicitud de analisis, convocatoria de sesipón a los miembros, orden del día, lista de asistencia, minuta de sesión, emisión de recomendaciones y seguimiento de las mismas | C54: 0
A55: La minuta de la sesión contine: número consecutivo, fecha, hora, lugar donde se realizó, objetivo de la reunión, nombre y firma de cada integrante, constancia de conformidad con el desahogo de lo tratado en la reunión, documentos consultados, conclusiones, acuerdos o recomendaciones. | C55: 0
A56: El análisis se realiza con metodología específica. | C56: 0
A57: Las recomendaciones cuenta con al menos: nombre y clave de registro del comité, fecha, lugar y hora, nombre de quien solicita, problema planteado, docuemntos revisados, recomendaciones emitidas, nombre y firma de quien preside. | C57: 0
... A61: El o la responsable de la unidad, conoce las actividades que realiza el comité | C61: 0
A62: SUBTOTAL POR DOMINIO: | C62: =SUM(C46:C61) -> 0
A63: TOTAL DE LA EVALUACIÓN: | C63: =SUM(C62+C44+C35+C27) -> 0
A64: PORCENTAJE DE CUMPLIMIENTO: | C64: =(C63/44) -> 0
A65: (1) CUMPLE (0) NO CUMPLE (NA) NO APLICA
A66: OBSERVACIONES: después de la reunión sostenida el 27 de marzo del año en curso, en el que se establecieron acuerdos para la integración del comité de ética en investigación se procede a realizar la supervición de las acciones implementadas para cumplir con dicho objetivo, sin embargo no se cuenta con alguna evidencia de ellas.
A69: RECOMENDACIONES: Artículo 41 Bis. Los establecimientos para la atención médica del sector público, social o privado del sistema nacional de salud, además de los señalados en los artículos 98 y 316 de la presente Ley, y de acuerdo con su grado de complejidad y nivel de resolución, contarán con los siguientes comités: I. Un Comité Hospitalario de Bioética para la resolución de los problemas derivados de la atención médica a que se refiere el artículo 33 de esta Ley; así como para el análisis, discusión y apoyo en la toma de decisiones respecto a los problemas bioéticos que se presenten en la práctica clínica o en la docencia que se imparte en el área de salud, así como promover la elaboración de lineamientos y guías éticas institucionales para la atención y la docencia médica. Asimismo, promoverá la educación bioética permanentemente de sus miembros y del personal del establecimiento, y II. En los casos de establecimientos de atención médica que lleven a cabo actividades de investigación en seres humanos, un Comité de Ética en Investigación que será responsable de evaluar y dictaminar los protocolos de investigación en seres humanos, formulando las recomendaciones de carácter ético que correspondan, así como de elaborar lineamientos y guías éticas institucionales para la investigación en salud, debiendo dar seguimiento a sus recomendaciones.
A72: ACUERDOS: se sugiere realizar una convocatoria o designación de quienes integrarán el comité posterior a lo cual se propone realizar una capacitación en lo que hace el comité de ética de investigación para posteriorment poder completar la documentación requerida.
A75: FECHA DE CUMPLIMIENTO: | B75: 45469
A76: FIRMAS DE CONFORMIDAD DE QUIENES PARTICIPAN:
A77: CARGO EN LA INSTITUCIÓN: | B77: NOMBRE COMPLETO: | C77: FIRMA:
A78: Responsable del establecimiento: | B78: Dr. Victor Hugo Pedraza Hernández
A79: Presidente o presidenta: | B79: Dr. Carlos Arutor Jiménez Barreto
A81: CARGO EN LA COBIET: | B81: NOMBRE COMPLETO: | C81: FIRMA:
A82: Responsable de CHB y CEI | B82: Raymundo Alejandro Cuevas Escalante
A83: Director de la COBIET | B83: Edgar Giron Soriano

Sheet CHBIMSSZ2
A2: COMISIÓN DE BIOÉTICA DEL ESTADO DE TLAXCALA
A3: COMITÉS HOSPITALARIOS DE BIOÉTICA Y ÉTICA EN INVESTIGACIÓN
A4: CÉDULA DE VERIFICACIÓN
A5: Institución: | B5: Hospital General de Zona #2 IMSS
A6: Responsable del establecimiento: | B6: Dr. Ramon Muñoz Berruecos
A7: Presidente o presidenta: | B7: Dr. Miguel Angel Mendez de Leandro
A8: Fecha de visita: | B8: 45456
A9: Registro CONBIOÉTICA: | B9: NO
A10: CRITERIOS DE VERIFICACIÓN
A11: I.- INTEGRACIÓN:
A12: Registro vigente ante la CONBIOÉTICA | C12: 0
A13: Acta de instalacion actualizada y vigente | C13: 1
A14: Cartas de designación por cada integrante | C14: 1
A15: Cartas de confidencialidad por cada integrante | C15: 1
A16: Cartas compromiso de capacitación por integrante | C16: 1
A17: Mínimo de miembros necesarios: presidente, vocal secretario y cuatro vocales | C17: 1
A18: Cumple con no incluir personal del cuerpo directivo | C18: 0
A19: Su conformación es multidisciplinaria | C19: 1
A20: En la integración incluye representante de la comunidad | C20: 1
A21: Expedientes actualizados por cada integrante: CV, copia de título, cédula y constancias de capacitación en bioética | C21: 0
A22: Existe equidad de género en la integración del comité | C22: 0
A23: Se hace uso de lenguaje incluyente en la documentación | C23: 0
... A26: Los documentos se encuentra localizables, ordenados y resguardados | C26: 1
A27: SUBTOTAL POR DOMINIO: | C27: =SUM(C12:C26) -> 8
A28: II.- RECURSOS Y SUMINISTROS
A29: Cuenta con mecanismo de financiamiento para su operación | C29: 0
A30: Dispone de oficina para realizar actividades | C30: 1
A31: Cuenta con mobiliario y equipamiento para su funcionamiento | C31: 0
A32: Existen mecanismos para provisión de papeleria y demas insumos de oficina | C32: 0
A33: Dispone de un lugar para el resguardo de archivos o expedientes | C33: 0
A34: Cuenta con personal de apoyo administrativo | C34: 0
A35: SUBTOTAL POR DOMINIO: | C35: =SUM(C29:C34) -> 1
A36: III.- MARCO PROCEDIMENTAL
A37: Cuenta con reglamento interno para el funcionamiento del comité | C37: 0
A38: Cuenta con manual de organización del comité | C38: 0
A39: Cuenta con procedimiento para la solicitud de intervención en el análisis de casos o protocolos | C39: 0
A40: Cuenta con procedimiento para control y seguimiento de recomendaciones emitidas por el comité | C40: 0
A41: Cuenta con procedimiento para resguardo de la información | C41: 0
A42: Cuenta con procedimiento para sesiones oridnarias y extraordinarias | C42: 0
A43: Cuenta con procedimiento para comunicar recomendaciones | C43: 0
A44: SUBTOTAL POR DOMINIO: | C44: =SUM(C37:C43) -> 0
A45: IV.- OPERATIVIDAD
A46: Cuenta con guías operacionales, normas internacionales y nacionales, etcétera que ayuden al análisis y resolución de casos | C46: 1
A47: Cuenta con Programa Anual de Trabajo | C47: 0
A48: Cuenta con programacion anual de sesiones ordinarias (PASO) | C48: 1
A49: Cuenta con programa anual de sesiones generales (PASGE) | C49: 1
A50: Cuenta con programa anual de capacitación para integrantes del comité (PACIC) | C50: 0
A51: Cuenta con programa de capacitación para personal del establecimiento (PACPE) | C51: 0
A52: Cuenta con programa de capacitación para la población usuario/a (PACU) | C52: 0
A53: Cumple con los plazos para la recepción, análisis y emisión de recomendaciones | C53: 0
A54: El expediente de cada sesión se integra: solicitud de analisis, convocatoria de sesipón a los miembros, orden del día, lista de asistencia, minuta de sesión, emisión de recomendaciones y seguimiento de las mismas | C54: 0
A55: La minuta de la sesión contine: número consecutivo, fecha, hora, lugar donde se realizó, objetivo de la reunión, nombre y firma de cada integrante, constancia de conformidad con el desahogo de lo tratado en la reunión, documentos consultados, conclusiones, acuerdos o recomendaciones. | C55: 0
A56: El análisis se realiza con metodología específica. | C56: 0
A57: Las recomendaciones cuenta con al menos: nombre y clave de registro del comité, fecha, lugar y hora, nombre de quien solicita, problema planteado, docuemntos revisados, recomendaciones emitidas, nombre y firma de quien preside. | C57: 0
... A61: El o la responsable de la unidad, conoce las actividades que realiza el comité | C61: 1
A62: SUBTOTAL POR DOMINIO: | C62: =SUM(C46:C61) -> 4
A63: TOTAL DE LA EVALUACIÓN: | C63: =SUM(C62+C44+C35+C27) -> 13
A64: PORCENTAJE DE CUMPLIMIENTO: | C64: =(C63/44) -> 0.29545455
A65: (1) CUMPLE (0) NO CUMPLE (NA) NO APLICA
A66: OBSERVACIONES:
A69: RECOMENDACIONES:
A72: ACUERDOS:
A75: FECHA DE CUMPLIMIENTO:
A76: FIRMAS DE CONFORMIDAD DE QUIENES PARTICIPAN:
A77: CARGO EN LA INSTITUCIÓN: | B77: NOMBRE COMPLETO: | C77: FIRMA:
B78: Dr. Ramon Muñoz Berruecos
B79: Dr. Miguel Angel Mendez de Leandro
B80: Dra. Monica Gabriela Piedras Herrera
A81: CARGO EN LA COBIET: | B81: NOMBRE COMPLETO: | C81: FIRMA:
A82: Responsable de CHB y CEI | B82: Raymundo Alejandro Cuevas Escalante
A83: Director de la COBIET | B83: Edgar Giron Soriano

Sheet CEIOPDSeSa
A1: COMISIÓN DE BIOÉTICA DEL ESTADO DE TLAXCALA
A2: COMITÉS HOSPITALARIOS DE BIOÉTICA Y ÉTICA EN INVESTIGACIÓN
A3: CÉDULA DE VERIFICACIÓN
A4: Institución: | B4: OPD Salud De Tlaxcala
A5: Responsable del establecimiento: | B5: Rigoberto Zamudio Meneses
A6: Presidente o presidenta: | B6: Irma Alejandra Hernandez Vicente
A7: Fecha de visita: | B7: 45372
A8: Registro CONBIOÉTICA: | B8: 29-CEI-001-20220131
A9: CRITERIOS DE VERIFICACIÓN
A10: I.- INTEGRACIÓN:
A11: Registro vigente ante la CONBIOÉTICA | C11: 1
A12: Acta de instalacion actualizada y vigente | C12: 1
A13: Cartas de designación por cada integrante | C13: 1
A14: Cartas de confidencialidad por cada integrante | C14: 1
A15: Cartas compromiso de capacitación por integrante | C15: 1
A16: Mínimo de miembros necesarios: presidente, vocal secretario y cuatro vocales | C16: 1
A17: Cumple con no incluir personal del cuerpo directivo | C17: 1
A18: Su conformación es multidisciplinaria | C18: 1
A19: En la integración incluye representante de la comunidad | C19: 1
A20: Expedientes actualizados por cada integrante: CV, copia de título, cédula y constancias de capacitación en bioética | C20: 1
A21: Existe equidad de género en la integración del comité | C21: 1
A22: Se hace uso de lenguaje incluyente en la documentación | C22: 1
... A25: Los documentos se encuentra localizables, ordenados y resguardados | C25: 1
A26: SUBTOTAL POR DOMINIO: | C26: =SUM(C11:C25) -> 14
A27: II.- RECURSOS Y SUMINISTROS
A28: Cuenta con mecanismo de financiamiento para su operación | C28: 0
A29: Dispone de oficina para realizar actividades | C29: 0
A30: Cuenta con mobiliario y equipamiento para su funcionamiento | C30: 0
A31: Existen mecanismos para provisión de papeleria y demas insumos de oficina | C31: 0
A32: Dispone de un lugar para el resguardo de archivos o expedientes | C32: 0
A33: Cuenta con personal de apoyo administrativo | C33: 0
A34: SUBTOTAL POR DOMINIO: | C34: =SUM(C28:C33) -> 0
A35: III.- MARCO PROCEDIMENTAL
A36: Cuenta con reglamento interno para el funcionamiento del comité | C36: 1
A37: Cuenta con manual de organización del comité | C37: 1
A38: Cuenta con procedimiento para la solicitud de intervención en el análisis de casos o protocolos | C38: 0
A39: Cuenta con procedimiento para control y seguimiento de recomendaciones emitidas por el comité | C39: 1
A40: Cuenta con procedimiento para resguardo de la información | C40: 0
A41: Cuenta con procedimiento para sesiones oridnarias y extraordinarias | C41: 1
A42: Cuenta con procedimiento para comunicar recomendaciones | C42: 1
A43: SUBTOTAL POR DOMINIO: | C43: =SUM(C36:C42) -> 5
A44: IV.- OPERATIVIDAD
A45: Cuenta con guías operacionales, normas internacionales y nacionales, etcétera que ayuden al análisis y resolución de casos | C45: 0
A46: Cuenta con Programa Anual de Trabajo | C46: 0
A47: Cuenta con programacion anual de sesiones ordinarias (PASO) | C47: 1
A48: Cuenta con programa anual de sesiones generales (PASGE) | C48: 0
A49: Cuenta con programa anual de capacitación para integrantes del comité (PACIC) | C49: 1
A50: Cuenta con programa de capacitación para personal del establecimiento (PACPE) | C50: 0
A51: Cuenta con programa de capacitación para la población usuario/a (PACU) | C51: 0
A52: Cumple con los plazos para la recepción, análisis y emisión de recomendaciones | C52: 1
A53: El expediente de cada sesión se integra: solicitud de analisis, convocatoria de sesipón a los miembros, orden del día, lista de asistencia, minuta de sesión, emisión de recomendaciones y seguimiento de las mismas | C53: 1
A54: La minuta de la sesión contine: número consecutivo, fecha, hora, lugar donde se realizó, objetivo de la reunión, nombre y firma de cada integrante, constancia de conformidad con el desahogo de lo tratado en la reunión, documentos consultados, conclusiones, acuerdos o recomendaciones. | C54: 1
A55: El análisis se realiza con metodología específica. | C55: 1
A56: Las recomendaciones cuenta con al menos: nombre y clave de registro del comité, fecha, lugar y hora, nombre de quien solicita, problema planteado, docuemntos revisados, recomendaciones emitidas, nombre y firma de quien preside. | C56: 1
... A60: El o la responsable de la unidad, conoce las actividades que realiza el comité | C60: 0
A61: SUBTOTAL POR DOMINIO: | C61: =SUM(C45:C60) -> 8
A62: TOTAL DE LA EVALUACIÓN: | C62: =SUM(C61+C43+C34+C26) -> 27
A63: PORCENTAJE DE CUMPLIMIENTO: | C63: =(C62/43) -> 0.62790698
A64: (1) CUMPLE (0) NO CUMPLE (NA) NO APLICA
A65: OBSERVACIONES: se buscara un acercamiento con las autoridades del OPD Salud de Tlaxcala para contar con un comité de investigación que revise los protocolos previos a la sesión del comité de ética en investigación asi como subsanar la falta de suministros necesarios.
A68: RECOMENDACIONES: subsanar la falta de cumplimiento a los dominios antes mencionados.
A71: ACUERDOS: enviar información mensual, plan de trabajo y presentar las evidencias documentales solicitados.
A74: FECHA DE CUMPLIMIENTO:
A75: FIRMAS DE CONFORMIDAD DE QUIENES PARTICIPAN:
A76: CARGO EN LA INSTITUCIÓN: | B76: NOMBRE COMPLETO: | C76: FIRMA:
A77: Secretario de Salud | B77: Rigoberto Zamudio Meneses
A78: Presidente del Comité | B78: Irma Alejandra Hernández Vicente
A79: Secretaria del Comité | B79: VIoleta Aurora Hernandez Alvaréz
A80: CARGO EN LA COBIET: | B80: NOMBRE COMPLETO: | C80: FIRMA:
A81: Responsable de CHB y CEI | B81: Raymundo Alejandro Cuevas Escalante
A82: Director de la COBIET | B82: Edgar Giron Soriano

Sheet CHBHIT
A1: COMISIÓN DE BIOÉTICA DEL ESTADO DE TLAXCALA
A2: COMITÉS HOSPITALARIOS DE BIOÉTICA Y ÉTICA EN INVESTIGACIÓN
A3: CÉDULA DE VERIFICACIÓN
A4: Institución: | B4: Hospital Infanitl de Tlaxcala
A5: Responsable del establecimiento: | B5: Daniel Romero Lopez
A6: Presidente o presidenta: | B6: Carlos Manuel Vinay Prado
A7: Fecha de visita: | B7: 45365
A8: Registro CONBIOÉTICA: | B8: 29CHB00120130322
A9: CRITERIOS DE VERIFICACIÓN
A10: I.- INTEGRACIÓN:
A11: Registro vigente ante la CONBIOÉTICA | C11: 1
A12: Acta de instalacion actualizada y vigente | C12: 0
A13: Cartas de designación por cada integrante | C13: 1
A14: Cartas de confidencialidad por cada integrante | C14: 1
A15: Cartas compromiso de capacitación por integrante | C15: 1
A16: Mínimo de miembros necesarios: presidente, vocal secretario y cuatro vocales | C16: 1
A17: Cumple con no incluir personal del cuerpo directivo | C17: 1
A18: Su conformación es multidisciplinaria | C18: 1
A19: En la integración incluye representante de la comunidad | C19: 0
A20: Expedientes actualizados por cada integrante: CV, copia de título, cédula y constancias de capacitación en bioética | C20: 0
A21: Existe equidad de género en la integración del comité | C21: 0
A22: Se hace uso de lenguaje incluyente en la documentación | C22: 0
... A25: Los documentos se encuentra localizables, ordenados y resguardados | C25: 1
A26: SUBTOTAL POR DOMINIO: | C26: =SUM(C11:C25) -> 10
A27: II.- RECURSOS Y SUMINISTROS
A28: Cuenta con mecanismo de financiamiento para su operación | C28: 0
A29: Dispone de oficina para realizar actividades | C29: 0
A30: Cuenta con mobiliario y equipamiento para su funcionamiento | C30: 0
A31: Existen mecanismos para provisión de papeleria y demas insumos de oficina | C31: 0
A32: Dispone de un lugar para el resguardo de archivos o expedientes | C32: 0
A33: Cuenta con personal de apoyo administrativo | C33: 0
A34: SUBTOTAL POR DOMINIO: | C34: =SUM(C28:C33) -> 0
A35: III.- MARCO PROCEDIMENTAL
A36: Cuenta con reglamento interno para el funcionamiento del comité | C36: 1
A37: Cuenta con manual de organización del comité | C37: 1
A38: Cuenta con procedimiento para la solicitud de intervención en el análisis de casos o protocolos | C38: 1
A39: Cuenta con procedimiento para control y seguimiento de recomendaciones emitidas por el comité | C39: 1
A40: Cuenta con procedimiento para resguardo de la información | C40: 1
A41: Cuenta con procedimiento para sesiones oridnarias y extraordinarias | C41: 1
A42: Cuenta con procedimiento para comunicar recomendaciones | C42: 1
A43: SUBTOTAL POR DOMINIO: | C43: =SUM(C36:C42) -> 7
A44: IV.- OPERATIVIDAD
A45: Cuenta con guías operacionales, normas internacionales y nacionales, etcétera que ayuden al análisis y resolución de casos | C45: 1
A46: Cuenta con Programa Anual de Trabajo | C46: 1
A47: Cuenta con programacion anual de sesiones ordinarias (PASO) | C47: 1
A48: Cuenta con programa anual de sesiones generales (PASGE) | C48: 1
A49: Cuenta con programa anual de capacitación para integrantes del comité (PACIC) | C49: 0
A50: Cuenta con programa de capacitación para personal del establecimiento (PACPE) | C50: 1
A51: Cuenta con programa de capacitación para la población usuario/a (PACU) | C51: 0
A52: Cumple con los plazos para la recepción, análisis y emisión de recomendaciones | C52: 1
A53: El expediente de cada sesión se integra: solicitud de analisis, convocatoria de sesipón a los miembros, orden del día, lista de asistencia, minuta de sesión, emisión de recomendaciones y seguimiento de las mismas | C53: 1
A54: La minuta de la sesión contine: número consecutivo, fecha, hora, lugar donde se realizó, objetivo de la reunión, nombre y firma de cada integrante, constancia de conformidad con el desahogo de lo tratado en la reunión, documentos consultados, conclusiones, acuerdos o recomendaciones. | C54: 1
A55: El análisis se realiza con metodología específica. | C55: 1
A56: Las recomendaciones cuenta con al menos: nombre y clave de registro del comité, fecha, lugar y hora, nombre de quien solicita, problema planteado, docuemntos revisados, recomendaciones emitidas, nombre y firma de quien preside. | C56: 1
... A60: El o la responsable de la unidad, conoce las actividades que realiza el comité | C60: 0
A61: SUBTOTAL POR DOMINIO: | C61: =SUM(C45:C60) -> 12
A62: TOTAL DE LA EVALUACIÓN: | C62: =SUM(C61+C43+C34+C26) -> 29
A63: PORCENTAJE DE CUMPLIMIENTO: | C63: =(C62/43) -> 0.6744186
A64: (1) CUMPLE (0) NO CUMPLE (NA) NO APLICA
A65: OBSERVACIONES: las cartas compromiso de capacitacion deberán de sustentarse con los cursos que han tomado, las capacitaciones de la CONBIEOETICA no permiten el registro extemporaneo para la capacitación ademas las capacitaciones a las que se les invita no se llevan acabo.
A68: RECOMENDACIONES: se sugiere acercamiento al cuerpo directivo para expresar las necesidades del comité. Realizar seguimiento a las recomendaciones emitidas.
A71: ACUERDOS: recabar las constancias de capacitacion de las personas que firmaron cartas compromiso, acordar la baja de los profesionales que no asisten a las sesiones.
A74: FECHA DE CUMPLIMIENTO: | B74: 45393
A75: FIRMAS DE CONFORMIDAD DE QUIENES PARTICIPAN:
A76: CARGO EN LA INSTITUCIÓN: | B76: NOMBRE COMPLETO: | C76: FIRMA:
A77: Director | B77: Daniel Romero Lopez
A78: Presidente | B78: Carlos Manuel Vinay Prado
A79: Secretario | B79: Alan Aguilar Rivera
A80: CARGO EN LA COBIET: | B80: NOMBRE COMPLETO: | C80: FIRMA:
A81: Responsable de CHB y CEI | B81: Raymundo Alejandro Cuevas Escalante
A82: Director de la COBIET | B82: Edgar Giron Soriano

Sheet CEIHIT
A1: COMISIÓN DE BIOÉTICA DEL ESTADO DE TLAXCALA
A2: COMITÉS HOSPITALARIOS DE BIOÉTICA Y ÉTICA EN INVESTIGACIÓN
A3: CÉDULA DE VERIFICACIÓN
A4: Institución: | B4: Hospital Infanti de Tlaxcala
A5: Responsable del establecimiento: | B5: Daniel Romero Lopez
A6: Presidente o presidenta: | B6: Victor Manuel Gomez Juarez
A7: Fecha de visita: | B7: 45365
A8: Registro CONBIOÉTICA: | B8: No
A9: CRITERIOS DE VERIFICACIÓN
A10: I.- INTEGRACIÓN:
A11: Registro vigente ante la CONBIOÉTICA | C11: 0
A12: Acta de instalacion actualizada y vigente | C12: 0
A13: Cartas de designación por cada integrante | C13: 0
A14: Cartas de confidencialidad por cada integrante | C14: 0
A15: Cartas compromiso de capacitación por integrante | C15: 0
A16: Mínimo de miembros necesarios: presidente, vocal secretario y cuatro vocales | C16: 0
A17: Cumple con no incluir personal del cuerpo directivo | C17: 0
A18: Su conformación es multidisciplinaria | C18: 1
A19: En la integración incluye representante de la comunidad | C19: 1
A20: Expedientes actualizados por cada integrante: CV, copia de título, cédula y constancias de capacitación en bioética | C20: 1
A21: Existe equidad de género en la integración del comité | C21: 0
A22: Se hace uso de lenguaje incluyente en la documentación | C22: 0
... A25: Los documentos se encuentra localizables, ordenados y resguardados | C25: 0
A26: SUBTOTAL POR DOMINIO, 15 PUNTOS, 35%: | C26: =SUM(C11:C25) -> 5
A27: II.- RECURSOS Y SUMINISTROS
A28: Cuenta con mecanismo de financiamiento para su operación | C28: 0
A29: Dispone de oficina para realizar actividades | C29: 1
A30: Cuenta con mobiliario y equipamiento para su funcionamiento | C30: 0
A31: Existen mecanismos para provisión de papeleria y demas insumos de oficina | C31: 0
A32: Dispone de un lugar para el resguardo de archivos o expedientes | C32: 0
A33: Cuenta con personal de apoyo administrativo | C33: 0
A34: SUBTOTAL POR DOMINIO, 5 PUNTOS, 12%: | C34: =SUM(C28:C33) -> 1
A35: III.- MARCO PROCEDIMENTAL
A36: Cuenta con reglamento interno para el funcionamiento del comité | C36: 0
A37: Cuenta con manual de organización del comité | C37: 0
A38: Cuenta con procedimiento para la solicitud de intervención en el análisis de casos o protocolos | C38: 0
A39: Cuenta con procedimiento para control y seguimiento de recomendaciones emitidas por el comité | C39: 0
A40: Cuenta con procedimiento para resguardo de la información | C40: 0
A41: Cuenta con procedimiento para sesiones oridnarias y extraordinarias | C41: 0
A42: Cuenta con procedimiento para comunicar recomendaciones | C42: 0
A43: SUBTOTAL POR DOMINIO, 7 PUNTOS, 16%: | C43: =SUM(C36:C42) -> 0
A44: IV.- OPERATIVIDAD
A45: Cuenta con guías operacionales, normas internacionales y nacionales, etcétera que ayuden al análisis y resolución de casos | C45: 0
A46: Cuenta con Programa Anual de Trabajo | C46: 1
A47: Cuenta con programacion anual de sesiones ordinarias (PASO) | C47: 1
A48: Cuenta con programa anual de sesiones generales (PASGE) | C48: 0
A49: Cuenta con programa anual de capacitación para integrantes del comité (PACIC) | C49: 0
A50: Cuenta con programa de capacitación para personal del establecimiento (PACPE) | C50: 0
A51: Cuenta con programa de capacitación para la población usuario/a (PACU) | C51: 0
A52: Cumple con los plazos para la recepción, análisis y emisión de recomendaciones | C52: 0
A53: El expediente de cada sesión se integra: solicitud de analisis, convocatoria de sesipón a los miembros, orden del día, lista de asistencia, minuta de sesión, emisión de recomendaciones y seguimiento de las mismas | C53: 1
A54: La minuta de la sesión contine: número consecutivo, fecha, hora, lugar donde se realizó, objetivo de la reunión, nombre y firma de cada integrante, constancia de conformidad con el desahogo de lo tratado en la reunión, documentos consultados, conclusiones, acuerdos o recomendaciones. | C54: 0
A55: El análisis se realiza con metodología específica. | C55: 0
A56: Las recomendaciones cuenta con al menos: nombre y clave de registro del comité, fecha, lugar y hora, nombre de quien solicita, problema planteado, docuemntos revisados, recomendaciones emitidas, nombre y firma de quien preside. | C56: 1
... A60: El o la responsable de la unidad, conoce las actividades que realiza el comité | C60: 0
A61: SUBTOTAL POR DOMINIO, 16 PUNTOS, 37%: | C61: =SUM(C45:C60) -> 4
A62: TOTAL DE LA EVALUACIÓN, 43 PUNTOS, 100%: | C62: =SUM(C61+C43+C34+C26) -> 10
A63: PORCENTAJE DE CUMPLIMIENTO: | C63: =(C62/43) -> 0.23255814
A64: (1) CUMPLE (0) NO CUMPLE (NA) NO APLICA
A65: OBSERVACIONES: se identifica que los documentos estan en desorden, sin actualizar y con falta de elementos para firma.
A68: RECOMENDACIONES: reunirse con las autoridades del hospital para poder gestionar los tiempos y espacios que se requieren para las sesiones
A71: ACUERDOS: se convocara a reunion para revision de documentos en la COBIET
A74: FECHA DE CUMPLIMIENTO: | B74: 45390
A75: FIRMAS DE CONFORMIDAD DE QUIENES PARTICIPAN:
A76: CARGO EN LA INSTITUCIÓN: | B76: NOMBRE COMPLETO: | C76: FIRMA:
A77: Subdirector médico | B77: Alberto Garcia Tepehua
A78: Presidente del Comite | B78: Victor Manuel Gómez Juarez
A79: Vocal Secretaria | B79: Aline Serrano Calderon
A80: CARGO EN LA COBIET: | B80: NOMBRE COMPLETO: | C80: FIRMA:
A81: Responsable de CHB y CEI | B81: Raymundo Alejandro Cuevas Escalante

Sheet CHBHuamantla
A2: COMISIÓN DE BIOÉTICA DEL ESTADO DE TLAXCALA
A3: COMITÉS HOSPITALARIOS DE BIOÉTICA Y ÉTICA EN INVESTIGACIÓN
A4: CÉDULA DE VERIFICACIÓN
A5: Institución: | B5: Hospital General de Humantla
A6: Responsable del establecimiento: | B6: Alejandro Alvarado Gonzalez
A7: Presidente o presidenta: | B7: Lucia Flores Cortéz
A8: Fecha de visita: | B8: 45436
A9: Registro CONBIOÉTICA: | B9: No
A10: CRITERIOS DE VERIFICACIÓN
A11: I.- INTEGRACIÓN:
A12: Registro vigente ante la CONBIOÉTICA | C12: 0
A13: Acta de instalacion actualizada y vigente | C13: 0
A14: Cartas de designación por cada integrante | C14: 0
A15: Cartas de confidencialidad por cada integrante | C15: 0
A16: Cartas compromiso de capacitación por integrante | C16: 0
A17: Mínimo de miembros necesarios: presidente, vocal secretario y cuatro vocales | C17: 1
A18: Cumple con no incluir personal del cuerpo directivo | C18: 1
A19: Su conformación es multidisciplinaria | C19: 1
A20: En la integración incluye representante de la comunidad | C20: 1
A21: Expedientes actualizados por cada integrante: CV, copia de título, cédula y constancias de capacitación en bioética | C21: 0
A22: Existe equidad de género en la integración del comité | C22: 0
A23: Se hace uso de lenguaje incluyente en la documentación | C23: 0
... A26: Los documentos se encuentra localizables, ordenados y resguardados | C26: 1
A27: SUBTOTAL POR DOMINIO, 15 PUNTOS, 35%: | C27: =SUM(C12:C26) -> 7
A28: II.- RECURSOS Y SUMINISTROS
A29: Cuenta con mecanismo de financiamiento para su operación | C29: 0
A30: Dispone de oficina para realizar actividades | C30: 1
A31: Cuenta con mobiliario y equipamiento para su funcionamiento | C31: 1
A32: Existen mecanismos para provisión de papeleria y demas insumos de oficina | C32: 1
A33: Dispone de un lugar para el resguardo de archivos o expedientes | C33: 1
A34: Cuenta con personal de apoyo administrativo | C34: 0
A35: SUBTOTAL POR DOMINIO, 5 PUNTOS, 12%: | C35: =SUM(C29:C34) -> 4
A36: III.- MARCO PROCEDIMENTAL
A37: Cuenta con reglamento interno para el funcionamiento del comité | C37: 0
A38: Cuenta con manual de organización del comité | C38: 0
A39: Cuenta con procedimiento para la solicitud de intervención en el análisis de casos o protocolos | C39: 0
A40: Cuenta con procedimiento para control y seguimiento de recomendaciones emitidas por el comité | C40: 0
A41: Cuenta con procedimiento para resguardo de la información | C41: 0
A42: Cuenta con procedimiento para sesiones oridnarias y extraordinarias | C42: 0
A43: Cuenta con procedimiento para comunicar recomendaciones | C43: 0
A44: SUBTOTAL POR DOMINIO, 7 PUNTOS, 16%: | C44: =SUM(C37:C43) -> 0
A45: IV.- OPERATIVIDAD
A46: Cuenta con guías operacionales, normas internacionales y nacionales, etcétera que ayuden al análisis y resolución de casos | C46: 0
A47: Cuenta con Programa Anual de Trabajo | C47: 0
A48: Cuenta con programacion anual de sesiones ordinarias (PASO) | C48: 0
A49: Cuenta con programa anual de sesiones generales (PASGE) | C49: 0
A50: Cuenta con programa anual de capacitación para integrantes del comité (PACIC) | C50: 0
A51: Cuenta con programa de capacitación para personal del establecimiento (PACPE) | C51: 0
A52: Cuenta con programa de capacitación para la población usuario/a (PACU) | C52: 0
A53: Cumple con los plazos para la recepción, análisis y emisión de recomendaciones | C53: 0
A54: El expediente de cada sesión se integra: solicitud de analisis, convocatoria de sesipón a los miembros, orden del día, lista de asistencia, minuta de sesión, emisión de recomendaciones y seguimiento de las mismas | C54: 0
A55: La minuta de la sesión contine: número consecutivo, fecha, hora, lugar donde se realizó, objetivo de la reunión, nombre y firma de cada integrante, constancia de conformidad con el desahogo de lo tratado en la reunión, documentos consultados, conclusiones, acuerdos o recomendaciones. | C55: 0
A56: El análisis se realiza con metodología específica. | C56: 0
A57: Las recomendaciones cuenta con al menos: nombre y clave de registro del comité, fecha, lugar y hora, nombre de quien solicita, problema planteado, docuemntos revisados, recomendaciones emitidas, nombre y firma de quien preside. | C57: 0
... A61: El o la responsable de la unidad, conoce las actividades que realiza el comité | C61: 0
A62: SUBTOTAL POR DOMINIO, 16 PUNTOS, 37%: | C62: =SUM(C46:C61) -> 0
A63: TOTAL DE LA EVALUACIÓN, 43 PUNTOS, 100%: | C63: =SUM(C62+C44+C35+C27) -> 11
A64: PORCENTAJE DE CUMPLIMIENTO: | C64: =(C63/43) -> 0.25581395
A65: (1) CUMPLE (0) NO CUMPLE (NA) NO APLICA
A66: OBSERVACIONES: los documentos presentados datan de julio del 2023 sobre un comité que actualmente se ha reinstalado en febrero del 2024 por cambio de directivo y renuncia de presidenta previa, sin embargo los documentos estan incompletos ya que no se cuenta con programa de capacitación, de sesiones, minutas y no se ha entregado productividad mensual del comité actual.
A69: RECOMENDACIONES: se solicita al director de la unidad poder convocar al comité actual para actualizar la documentación (acta de intalacion, reglamento interno, manualdes de organización y procedimientos, guias operacionaes, lista de identificación, nombramiento de integrantes, programación de sesiones, minuitas de reuniones, casos evaluados y correspondencia relacionada al comité).
A72: ACUERDOS: se convocara a reunion para revision de documentos en la COBIET en la primera semana de junio para poder enviarse por correo electrónico a la CONBIOÉTICA y poder tener el registro para el 19 de julio que se realizara el primer curso de capacitación en la unidad y región.
A75: FECHA DE CUMPLIMIENTO: | B75: 45446
A76: FIRMAS DE CONFORMIDAD DE QUIENES PARTICIPAN:
A77: CARGO EN LA INSTITUCIÓN: | B77: NOMBRE COMPLETO: | C77: FIRMA:
A78: Director General | B78: Alejandro Alvarado Gonzalez
A79: Presidente del Comite | B79: Lucia Flores Cortéz
A80: Vocal Secretaria
A81: CARGO EN LA COBIET: | B81: NOMBRE COMPLETO: | C81: FIRMA:
A82: Director Ejecutivo | B82: Edgar Giron Soriano
A83: Responsable de CHB y CEI | B83: Raymundo Alejandro Cuevas Escalante

Sheet CHBHumanitas
A2: COMISIÓN DE BIOÉTICA DEL ESTADO DE TLAXCALA
A3: COMITÉS HOSPITALARIOS DE BIOÉTICA Y ÉTICA EN INVESTIGACIÓN
A4: CÉDULA DE VERIFICACIÓN
A5: Institución: | B5: Hospital Humanitas de Tlaxcala
A6: Responsable del establecimiento: | B6: Dr. Jaime Tizatl juarez
A7: Presidente o presidenta: | B7: Dra. Saray Munive Hernández
A8: Fecha de visita: | B8: 45448
A9: Registro CONBIOÉTICA: | B9: SI
A10: CRITERIOS DE VERIFICACIÓN
A11: I.- INTEGRACIÓN:
A12: Registro vigente ante la CONBIOÉTICA | C12: 1
A13: Acta de instalacion actualizada y vigente | C13: 0
A14: Cartas de designación por cada integrante | C14: 1
A15: Cartas de confidencialidad por cada integrante | C15: 1
A16: Cartas compromiso de capacitación por integrante | C16: 0
A17: Mínimo de miembros necesarios: presidente, vocal secretario y cuatro vocales | C17: 0
A18: Cumple con no incluir personal del cuerpo directivo | C18: 1
A19: Su conformación es multidisciplinaria | C19: 1
A20: En la integración incluye representante de la comunidad | C20: 0
A21: Expedientes actualizados por cada integrante: CV, copia de título, cédula y constancias de capacitación en bioética | C21: 0
A22: Existe equidad de género en la integración del comité | C22: 0
A23: Se hace uso de lenguaje incluyente en la documentación | C23: 0
... A26: Los documentos se encuentra localizables, ordenados y resguardados | C26: 1
A27: SUBTOTAL POR DOMINIO, 15 PUNTOS, 35%: | C27: =SUM(C12:C26) -> 7
A28: II.- RECURSOS Y SUMINISTROS
A29: Cuenta con mecanismo de financiamiento para su operación | C29: 0
A30: Dispone de oficina para realizar actividades | C30: 1
A31: Cuenta con mobiliario y equipamiento para su funcionamiento | C31: 1
A32: Existen mecanismos para provisión de papeleria y demas insumos de oficina | C32: 1
A33: Dispone de un lugar para el resguardo de archivos o expedientes | C33: 1
A34: Cuenta con personal de apoyo administrativo | C34: 0
A35: SUBTOTAL POR DOMINIO, 5 PUNTOS, 12%: | C35: =SUM(C29:C34) -> 4
A36: III.- MARCO PROCEDIMENTAL
A37: Cuenta con reglamento interno para el funcionamiento del comité | C37: 0
A38: Cuenta con manual de organización del comité | C38: 0
A39: Cuenta con procedimiento para la solicitud de intervención en el análisis de casos o protocolos | C39: 0
A40: Cuenta con procedimiento para control y seguimiento de recomendaciones emitidas por el comité | C40: 0
A41: Cuenta con procedimiento para resguardo de la información | C41: 0
A42: Cuenta con procedimiento para sesiones oridnarias y extraordinarias | C42: 0
A43: Cuenta con procedimiento para comunicar recomendaciones | C43: 0
A44: SUBTOTAL POR DOMINIO, 7 PUNTOS, 16%: | C44: =SUM(C37:C43) -> 0
A45: IV.- OPERATIVIDAD
A46: Cuenta con guías operacionales, normas internacionales y nacionales, etcétera que ayuden al análisis y resolución de casos | C46: 0
A47: Cuenta con Programa Anual de Trabajo | C47: 0
A48: Cuenta con programacion anual de sesiones ordinarias (PASO) | C48: 0
A49: Cuenta con programa anual de sesiones generales (PASGE) | C49: 0
A50: Cuenta con programa anual de capacitación para integrantes del comité (PACIC) | C50: 0
A51: Cuenta con programa de capacitación para personal del establecimiento (PACPE) | C51: 0
A52: Cuenta con programa de capacitación para la población usuario/a (PACU) | C52: 0
A53: Cumple con los plazos para la recepción, análisis y emisión de recomendaciones | C53: 0
A54: El expediente de cada sesión se integra: solicitud de analisis, convocatoria de sesipón a los miembros, orden del día, lista de asistencia, minuta de sesión, emisión de recomendaciones y seguimiento de las mismas | C54: 0
A55: La minuta de la sesión contine: número consecutivo, fecha, hora, lugar donde se realizó, objetivo de la reunión, nombre y firma de cada integrante, constancia de conformidad con el desahogo de lo tratado en la reunión, documentos consultados, conclusiones, acuerdos o recomendaciones. | C55: 0
A56: El análisis se realiza con metodología específica. | C56: 0
A57: Las recomendaciones cuenta con al menos: nombre y clave de registro del comité, fecha, lugar y hora, nombre de quien solicita, problema planteado, docuemntos revisados, recomendaciones emitidas, nombre y firma de quien preside. | C57: 0
... A61: El o la responsable de la unidad, conoce las actividades que realiza el comité | C61: 0
A62: SUBTOTAL POR DOMINIO, 16 PUNTOS, 37%: | C62: =SUM(C46:C61) -> 0
A63: TOTAL DE LA EVALUACIÓN, 43 PUNTOS, 100%: | C63: =SUM(C62+C44+C35+C27) -> 11
A64: PORCENTAJE DE CUMPLIMIENTO: | C64: =(C63/43) -> 0.25581395
A65: (1) CUMPLE (0) NO CUMPLE (NA) NO APLICA
A66: OBSERVACIONES: por el cambio de presidenta y secretario no se ha podido realizar la resintalacion del comité, por ende tampoco se dieron avisos de modificación y no será posible realizar la renovación en el mes de julio del año corriente, los documentos físicos estan sin actualizar y algunos otros estan en forma digital.
A69: RECOMENDACIONES: se solicita al director de la unidad poder convocar a la integración del nuevo comite y de forma conjunta la COBIET dara una capacitación para la integración del comite el próximo 11 de junio en el aula de usos múltiples de 08:30 a 10:00 horas para poder acoadyuvar en la integración y funcionamiento.
A72: ACUERDOS: se convocara a reunion para revision de documentos en la COBIET en la primera semana de junio para poder enviarse por correo electrónico a la CONBIOÉTICA y poder tener el registro para el 19 de julio que se realizara el primer curso de capacitación en la unidad y región.
A75: FECHA DE CUMPLIMIENTO: | B75: 45446
A76: FIRMAS DE CONFORMIDAD DE QUIENES PARTICIPAN:
A77: CARGO EN LA INSTITUCIÓN: | B77: NOMBRE COMPLETO: | C77: FIRMA:
A78: Director General | B78: Dr. Jaime Tizatl juarez
A79: Presidenta del Comite | B79: Dra. Saray Munive Hernández
A80: Vocal Secretaria
A81: CARGO EN LA COBIET: | B81: NOMBRE COMPLETO: | C81: FIRMA:
A82: Director Ejecutivo | B82: Mtro. Edgar Giron Soriano
A83: Responsable de CHB y CEI | B83: Dr. Raymundo Alejandro Cuevas Escalante

Sheet CHBHCalpulalpan
A2: COMISIÓN DE BIOÉTICA DEL ESTADO DE TLAXCALA
A3: COMITÉS HOSPITALARIOS DE BIOÉTICA Y ÉTICA EN INVESTIGACIÓN
A4: CÉDULA DE VERIFICACIÓN
A5: Institución: | B5: Hospital General de Calpulapan
A6: Responsable del establecimiento: | B6: Dr. Oscar Arturo Langarrica Monterrubio
A7: Presidente o presidenta: | B7: Dr. Oscar Saldaña Manzano
A8: Fecha de visita: | B8: 45610
A9: Registro CONBIOÉTICA: | B9: No
A10: CRITERIOS DE VERIFICACIÓN
A11: I.- INTEGRACIÓN:
A12: Registro vigente ante la CONBIOÉTICA | C12: 0
A13: Acta de instalacion actualizada y vigente | C13: 0
A14: Cartas de designación por cada integrante | C14: 1
A15: Cartas de confidencialidad por cada integrante | C15: 1
A16: Cartas compromiso de capacitación por integrante | C16: 0
A17: Mínimo de miembros necesarios: presidente, vocal secretario y cuatro vocales | C17: 0
A18: Cumple con no incluir personal del cuerpo directivo | C18: 1
A19: Su conformación es multidisciplinaria | C19: 1
A20: En la integración incluye representante de la comunidad | C20: 1
A21: Expedientes actualizados por cada integrante: CV, copia de título, cédula y constancias de capacitación en bioética | C21: 1
A22: Existe equidad de género en la integración del comité | C22: 0
A23: Se hace uso de lenguaje incluyente en la documentación | C23: 0
... A26: Los documentos se encuentra localizables, ordenados y resguardados | C26: 1
A27: SUBTOTAL POR DOMINIO, 15 PUNTOS, 35%: | C27: =SUM(C12:C26) -> 8
A28: II.- RECURSOS Y SUMINISTROS
A29: Cuenta con mecanismo de financiamiento para su operación | C29: 0
A30: Dispone de oficina para realizar actividades | C30: 0
A31: Cuenta con mobiliario y equipamiento para su funcionamiento | C31: 0
A32: Existen mecanismos para provisión de papeleria y demas insumos de oficina | C32: 0
A33: Dispone de un lugar para el resguardo de archivos o expedientes | C33: 0
A34: Cuenta con personal de apoyo administrativo | C34: 0
A35: SUBTOTAL POR DOMINIO, 5 PUNTOS, 12%: | C35: =SUM(C29:C34) -> 0
A36: III.- MARCO PROCEDIMENTAL
A37: Cuenta con reglamento interno para el funcionamiento del comité | C37: 0
A38: Cuenta con manual de organización del comité | C38: 0
A39: Cuenta con procedimiento para la solicitud de intervención en el análisis de casos o protocolos | C39: 0
A40: Cuenta con procedimiento para control y seguimiento de recomendaciones emitidas por el comité | C40: 0
A41: Cuenta con procedimiento para resguardo de la información | C41: 0
A42: Cuenta con procedimiento para sesiones oridnarias y extraordinarias | C42: 0
A43: Cuenta con procedimiento para comunicar recomendaciones | C43: 0
A44: SUBTOTAL POR DOMINIO, 7 PUNTOS, 16%: | C44: =SUM(C37:C43) -> 0
A45: IV.- OPERATIVIDAD
A46: Cuenta con guías operacionales, normas internacionales y nacionales, etcétera que ayuden al análisis y resolución de casos | C46: 1
A47: Cuenta con Programa Anual de Trabajo | C47: 0
A48: Cuenta con programacion anual de sesiones ordinarias (PASO) | C48: 0
A49: Cuenta con programa anual de sesiones generales (PASGE) | C49: 0
A50: Cuenta con programa anual de capacitación para integrantes del comité (PACIC) | C50: 0
A51: Cuenta con programa de capacitación para personal del establecimiento (PACPE) | C51: 0
A52: Cuenta con programa de capacitación para la población usuario/a (PACU) | C52: 0
A53: Cumple con los plazos para la recepción, análisis y emisión de recomendaciones | C53: 0
A54: El expediente de cada sesión se integra: solicitud de analisis, convocatoria de sesipón a los miembros, orden del día, lista de asistencia, minuta de sesión, emisión de recomendaciones y seguimiento de las mismas | C54: 0
A55: La minuta de la sesión contine: número consecutivo, fecha, hora, lugar donde se realizó, objetivo de la reunión, nombre y firma de cada integrante, constancia de conformidad con el desahogo de lo tratado en la reunión, documentos consultados, conclusiones, acuerdos o recomendaciones. | C55: 0
A56: El análisis se realiza con metodología específica. | C56: 0
A57: Las recomendaciones cuenta con al menos: nombre y clave de registro del comité, fecha, lugar y hora, nombre de quien solicita, problema planteado, docuemntos revisados, recomendaciones emitidas, nombre y firma de quien preside. | C57: 0
... A61: El o la responsable de la unidad, conoce las actividades que realiza el comité | C61: 0
A62: SUBTOTAL POR DOMINIO, 16 PUNTOS, 37%: | C62: =SUM(C46:C61) -> 1
A63: TOTAL DE LA EVALUACIÓN, 43 PUNTOS, 100%: | C63: =SUM(C62+C44+C35+C27) -> 9
A64: PORCENTAJE DE CUMPLIMIENTO: | C64: =(C63/43) -> 0.20930233
A65: (1) CUMPLE (0) NO CUMPLE (NA) NO APLICA
A66: OBSERVACIONES: se han realizado dos capacitaciones de las cuales no se ha podido desprender el arranque del comité. por lo que se enviará por escrito la petición de integración a las autoridades de la unidad.
A69: RECOMENDACIONES: se enviará por escrito la petición de integración a las autoridades de la unidad.
A72: ACUERDOS: convocar a quienes integran el Comité para agilizar el proceso de entrega de documento y envio de manera electrónica a la CONBIOÉTICA.
A75: FECHA DE CUMPLIMIENTO: | B75: Inmediato
A76: FIRMAS DE CONFORMIDAD DE QUIENES PARTICIPAN:
A77: CARGO EN LA INSTITUCIÓN: | B77: NOMBRE COMPLETO: | C77: FIRMA:
A78: Responsable del establecimiento: | B78: Dr. Oscar Arturo Langarrica Monterrubio
A79: Presidente o presidenta: | B79: Dr. Oscar Saldaña Manzano
A80: Vocal Secretaria
A81: CARGO EN LA COBIET: | B81: NOMBRE COMPLETO: | C81: FIRMA:
A82: Director Ejecutivo | B82: Mtro. Edgar Giron Soriano
A83: Responsable de CHB y CEI | B83: Dr. Raymundo Alejandro Cuevas Escalante

Sheet CHBHGT
A2: COMISIÓN DE BIOÉTICA DEL ESTADO DE TLAXCALA
A3: COMITÉS HOSPITALARIOS DE BIOÉTICA Y ÉTICA EN INVESTIGACIÓN
A4: CÉDULA DE VERIFICACIÓN
A5: Institución: | B5: Hospital General de Tlaxcala
A6: Responsable del establecimiento: | B6: Dra. Sofia Romero Hernández
A7: Presidente o presidenta: | B7: Dra. Nancy Estrada Paez
A8: Fecha de visita: | B8: 45449
A9: Registro CONBIOÉTICA: | B9: No
A10: CRITERIOS DE VERIFICACIÓN
A11: I.- INTEGRACIÓN:
A12: Registro vigente ante la CONBIOÉTICA | C12: 0
A13: Acta de instalacion actualizada y vigente | C13: 0
A14: Cartas de designación por cada integrante | C14: 0
A15: Cartas de confidencialidad por cada integrante | C15: 0
A16: Cartas compromiso de capacitación por integrante | C16: 0
A17: Mínimo de miembros necesarios: presidente, vocal secretario y cuatro vocales | C17: 1
A18: Cumple con no incluir personal del cuerpo directivo | C18: 0
A19: Su conformación es multidisciplinaria | C19: 1
A20: En la integración incluye representante de la comunidad | C20: 1
A21: Expedientes actualizados por cada integrante: CV, copia de título, cédula y constancias de capacitación en bioética | C21: 1
A22: Existe equidad de género en la integración del comité | C22: 0
A23: Se hace uso de lenguaje incluyente en la documentación | C23: 0
... A26: Los documentos se encuentra localizables, ordenados y resguardados | C26: 1
A27: SUBTOTAL POR DOMINIO, 15 PUNTOS, 35%: | C27: =SUM(C12:C26) -> 5
A28: II.- RECURSOS Y SUMINISTROS
A29: Cuenta con mecanismo de financiamiento para su operación | C29: 0
A30: Dispone de oficina para realizar actividades | C30: 1
A31: Cuenta con mobiliario y equipamiento para su funcionamiento | C31: 1
A32: Existen mecanismos para provisión de papeleria y demas insumos de oficina | C32: 1
A33: Dispone de un lugar para el resguardo de archivos o expedientes | C33: 1
A34: Cuenta con personal de apoyo administrativo | C34: 0
A35: SUBTOTAL POR DOMINIO, 5 PUNTOS, 12%: | C35: =SUM(C29:C34) -> 4
A36: III.- MARCO PROCEDIMENTAL
A37: Cuenta con reglamento interno para el funcionamiento del comité | C37: 0
A38: Cuenta con manual de organización del comité | C38: 0
A39: Cuenta con procedimiento para la solicitud de intervención en el análisis de casos o protocolos | C39: 0
A40: Cuenta con procedimiento para control y seguimiento de recomendaciones emitidas por el comité | C40: 0
A41: Cuenta con procedimiento para resguardo de la información | C41: 0
A42: Cuenta con procedimiento para sesiones oridnarias y extraordinarias | C42: 0
A43: Cuenta con procedimiento para comunicar recomendaciones | C43: 0
A44: SUBTOTAL POR DOMINIO, 7 PUNTOS, 16%: | C44: =SUM(C37:C43) -> 0
A45: IV.- OPERATIVIDAD
A46: Cuenta con guías operacionales, normas internacionales y nacionales, etcétera que ayuden al análisis y resolución de casos | C46: 1
A47: Cuenta con Programa Anual de Trabajo | C47: 0
A48: Cuenta con programacion anual de sesiones ordinarias (PASO) | C48: 0
A49: Cuenta con programa anual de sesiones generales (PASGE) | C49: 0
A50: Cuenta con programa anual de capacitación para integrantes del comité (PACIC) | C50: 0
A51: Cuenta con programa de capacitación para personal del establecimiento (PACPE) | C51: 0
A52: Cuenta con programa de capacitación para la población usuario/a (PACU) | C52: 0
A53: Cumple con los plazos para la recepción, análisis y emisión de recomendaciones | C53: 0
A54: El expediente de cada sesión se integra: solicitud de analisis, convocatoria de sesión a los miembros, orden del día, lista de asistencia, minuta de sesión, emisión de recomendaciones y seguimiento de las mismas | C54: 0
A55: La minuta de la sesión contine: número consecutivo, fecha, hora, lugar donde se realizó, objetivo de la reunión, nombre y firma de cada integrante, constancia de conformidad con el desahogo de lo tratado en la reunión, documentos consultados, conclusiones, acuerdos o recomendaciones. | C55: 0
A56: El análisis se realiza con metodología específica. | C56: 0
A57: Las recomendaciones cuenta con al menos: nombre y clave de registro del comité, fecha, lugar y hora, nombre de quien solicita, problema planteado, docuemntos revisados, recomendaciones emitidas, nombre y firma de quien preside. | C57: 0
... A61: El o la responsable de la unidad, conoce las actividades que realiza el comité | C61: 0
A62: SUBTOTAL POR DOMINIO, 16 PUNTOS, 37%: | C62: =SUM(C46:C61) -> 1
A63: TOTAL DE LA EVALUACIÓN, 43 PUNTOS, 100%: | C63: =SUM(C62+C44+C35+C27) -> 10
A64: PORCENTAJE DE CUMPLIMIENTO: | C64: =(C63/43) -> 0.23255814
A65: (1) CUMPLE (0) NO CUMPLE (NA) NO APLICA
A66: OBSERVACIONES: posterior a la reunión tenida con fecha 13 de mayo se acordo la integración del CHB para poder resolver la problematica que se presenta al interior de la unidad, sin que al momento se logre su conformación, aparentemente por la falta de equipo de computo.
A69: RECOMENDACIONES: Artículo 41 Bis. Los establecimientos para la atención médica del sector público, social o privado del sistema nacional de salud, además de los señalados en los artículos 98 y 316 de la presente Ley, y de acuerdo con su grado de complejidad y nivel de resolución, contarán con los siguientes comités: I. Un Comité Hospitalario de Bioética para la resolución de los problemas derivados de la atención médica a que se refiere el artículo 33 de esta Ley; así como para el análisis, discusión y apoyo en la toma de decisiones respecto a los problemas bioéticos que se presenten en la práctica clínica o en la docencia que se imparte en el área de salud, así como promover la elaboración de lineamientos y guías éticas institucionales para la atención y la docencia médica. Asimismo, promoverá la educación bioética permanentemente de sus miembros y del personal del establecimiento.
A72: ACUERDOS: se solicita al director de la unidad poder gestionar la integración del nuevo comite e idelamente poder presentar su registro para el día 21 de junio en el marco del 1er encuentro de comites hospitalarios de bioética y ética en investigación.
A75: FECHA DE CUMPLIMIENTO: | B75: 45446
A76: FIRMAS DE CONFORMIDAD DE QUIENES PARTICIPAN:
A77: CARGO EN LA INSTITUCIÓN: | B77: NOMBRE COMPLETO: | C77: FIRMA:
A78: Director General | B78: Dra. Sofia Romero Hernández
A79: Presidenta del Comite | B79: Dra. Nancy Estrada Paez
A80: Vocal Secretaria
A81: CARGO EN LA COBIET: | B81: NOMBRE COMPLETO: | C81: FIRMA:
A82: Director Ejecutivo | B82: Mtro. Edgar Giron Soriano
A83: Responsable de CHB y CEI | B83: Dr. Raymundo Alejandro Cuevas Escalante

Sheet CEIHGT
A2: COMISIÓN DE BIOÉTICA DEL ESTADO DE TLAXCALA
A3: COMITÉS HOSPITALARIOS DE BIOÉTICA Y ÉTICA EN INVESTIGACIÓN
A4: CÉDULA DE VERIFICACIÓN
A5: Institución: | B5: Hospital General de Tlaxcala
A6: Responsable del establecimiento: | B6: Dra. Sofia Romero Hernández
A7: Presidente o presidenta: | B7: Dr. Pablo Mendez Hernandez
A8: Fecha de visita: | B8: 45450
A9: Registro CONBIOÉTICA: | B9: No
A10: CRITERIOS DE VERIFICACIÓN
A11: I.- INTEGRACIÓN:
A12: Registro vigente ante la CONBIOÉTICA | C12: 0
A13: Acta de instalacion actualizada y vigente | C13: 0
A14: Cartas de designación por cada integrante | C14: 0
A15: Cartas de confidencialidad por cada integrante | C15: 0
A16: Cartas compromiso de capacitación por integrante | C16: 0
A17: Mínimo de miembros necesarios: presidente, vocal secretario y cuatro vocales | C17: 1
A18: Cumple con no incluir personal del cuerpo directivo | C18: 1
A19: Su conformación es multidisciplinaria | C19: 1
A20: En la integración incluye representante de la comunidad | C20: 0
A21: Expedientes actualizados por cada integrante: CV, copia de título, cédula y constancias de capacitación en bioética | C21: 0
A22: Existe equidad de género en la integración del comité | C22: 0
A23: Se hace uso de lenguaje incluyente en la documentación | C23: 0
... A26: Los documentos se encuentra localizables, ordenados y resguardados | C26: 0
A27: SUBTOTAL POR DOMINIO, 15 PUNTOS, 35%: | C27: =SUM(C12:C26) -> 3
A28: II.- RECURSOS Y SUMINISTROS
A29: Cuenta con mecanismo de financiamiento para su operación | C29: 0
A30: Dispone de oficina para realizar actividades | C30: 1
A31: Cuenta con mobiliario y equipamiento para su funcionamiento | C31: 1
A32: Existen mecanismos para provisión de papeleria y demas insumos de oficina | C32: 1
A33: Dispone de un lugar para el resguardo de archivos o expedientes | C33: 1
A34: Cuenta con personal de apoyo administrativo | C34: 0
A35: SUBTOTAL POR DOMINIO, 5 PUNTOS, 12%: | C35: =SUM(C29:C34) -> 4
A36: III.- MARCO PROCEDIMENTAL
A37: Cuenta con reglamento interno para el funcionamiento del comité | C37: 0
A38: Cuenta con manual de organización del comité | C38: 0
A39: Cuenta con procedimiento para la solicitud de intervención en el análisis de casos o protocolos | C39: 0
A40: Cuenta con procedimiento para control y seguimiento de recomendaciones emitidas por el comité | C40: 0
A41: Cuenta con procedimiento para resguardo de la información | C41: 0
A42: Cuenta con procedimiento para sesiones oridnarias y extraordinarias | C42: 0
A43: Cuenta con procedimiento para comunicar recomendaciones | C43: 0
A44: SUBTOTAL POR DOMINIO, 7 PUNTOS, 16%: | C44: =SUM(C37:C43) -> 0
A45: IV.- OPERATIVIDAD
A46: Cuenta con guías operacionales, normas internacionales y nacionales, etcétera que ayuden al análisis y resolución de casos | C46: 1
A47: Cuenta con Programa Anual de Trabajo | C47: 0
A48: Cuenta con programacion anual de sesiones ordinarias (PASO) | C48: 0
A49: Cuenta con programa anual de sesiones generales (PASGE) | C49: 0
A50: Cuenta con programa anual de capacitación para integrantes del comité (PACIC) | C50: 0
A51: Cuenta con programa de capacitación para personal del establecimiento (PACPE) | C51: 0
A52: Cuenta con programa de capacitación para la población usuario/a (PACU) | C52: 0
A53: Cumple con los plazos para la recepción, análisis y emisión de recomendaciones | C53: 0
A54: El expediente de cada sesión se integra: solicitud de analisis, convocatoria de sesión a los miembros, orden del día, lista de asistencia, minuta de sesión, emisión de recomendaciones y seguimiento de las mismas | C54: 0
A55: La minuta de la sesión contine: número consecutivo, fecha, hora, lugar donde se realizó, objetivo de la reunión, nombre y firma de cada integrante, constancia de conformidad con el desahogo de lo tratado en la reunión, documentos consultados, conclusiones, acuerdos o recomendaciones. | C55: 0
A56: El análisis se realiza con metodología específica. | C56: 0
A57: Las recomendaciones cuenta con al menos: nombre y clave de registro del comité, fecha, lugar y hora, nombre de quien solicita, problema planteado, docuemntos revisados, recomendaciones emitidas, nombre y firma de quien preside. | C57: 0
... A61: El o la responsable de la unidad, conoce las actividades que realiza el comité | C61: 0
A62: SUBTOTAL POR DOMINIO, 16 PUNTOS, 37%: | C62: =SUM(C46:C61) -> 1
A63: TOTAL DE LA EVALUACIÓN, 43 PUNTOS, 100%: | C63: =SUM(C62+C44+C35+C27) -> 8
A64: PORCENTAJE DE CUMPLIMIENTO: | C64: =(C63/43) -> 0.18604651
A65: (1) CUMPLE (0) NO CUMPLE (NA) NO APLICA
A66: OBSERVACIONES: posterior a la reunión tenida con fecha 13 de mayo se acordo la integración del CEI para poder realizar la dictamiación de protocolos, de lo contrario no tendran validez sus dictamenes, sin que al momento se logre su conformación.
A69: RECOMENDACIONES: Artículo 41 Bis. Los establecimientos para la atención médica del sector público, social o privado del sistema nacional de salud, además de los señalados en los artículos 98 y 316 de la presente Ley, y de acuerdo con su grado de complejidad y nivel de resolución, contarán con los siguientes comités: I. Un Comité Hospitalario de Bioética para la resolución de los problemas derivados de la atención médica a que se refiere el artículo 33 de esta Ley; así como para el análisis, discusión y apoyo en la toma de decisiones respecto a los problemas bioéticos que se presenten en la práctica clínica o en la docencia que se imparte en el área de salud, así como promover la elaboración de lineamientos y guías éticas institucionales para la atención y la docencia médica. Asimismo, promoverá la educación bioética permanentemente de sus miembros y del personal del establecimiento. II. En los casos de establecimientos de atención médica que lleven a cabo actividades de investigación en seres humanos, un Comité de Ética en Investigación que será responsable de evaluar y dictaminar los protocolos de investigación en seres humanos, formulando las recomendaciones de carácter ético que correspondan, así como de elaborar lineamientos y guías éticas institucionales para la investigación en salud, debiendo dar seguimiento a sus recomendaciones.
A72: ACUERDOS: se solicita a la directora de la unidad poder gestionar la integración del nuevo comite e idelamente poder presentar su registro para el día 21 de junio en el marco del 1er encuentro de comites hospitalarios de bioética y ética en investigación.
A75: FECHA DE CUMPLIMIENTO: | B75: 45450
A76: FIRMAS DE CONFORMIDAD DE QUIENES PARTICIPAN:
A77: CARGO EN LA INSTITUCIÓN: | B77: NOMBRE COMPLETO: | C77: FIRMA:
A78: Director General | B78: Dra. Sofia Romero Hernández
A79: Presidenta del Comite | B79: Dr. Pablo Mendez Hernandez
A80: Vocal Secretaria
A81: CARGO EN LA COBIET: | B81: NOMBRE COMPLETO: | C81: FIRMA:
A82: Director Ejecutivo | B82: Mtro. Edgar Giron Soriano
A83: Responsable de CHB y CEI | B83: Dr. Raymundo Alejandro Cuevas Escalante

Sheet CHBHRESP
A2: COMISIÓN DE BIOÉTICA DEL ESTADO DE TLAXCALA
A3: COMITÉS HOSPITALARIOS DE BIOÉTICA Y ÉTICA EN INVESTIGACIÓN
A4: CÉDULA DE VERIFICACIÓN
A5: Institución: | B5: HOSPITAL REGIONAL DE APIZACO ESP
A6: Responsable del establecimiento: | B6: Dr. Miguel Angel Xolocotzi Juárez
A7: Presidente o presidenta: | B7: Mtra. Silvia Degante Huerta
A8: Fecha de visita: | B8: 45454
A9: Registro CONBIOÉTICA: | B9: No
A10: CRITERIOS DE VERIFICACIÓN
A11: I.- INTEGRACIÓN:
A12: Registro vigente ante la CONBIOÉTICA | C12: 0
A13: Acta de instalacion actualizada y vigente | C13: 1
A14: Cartas de designación por cada integrante | C14: 1
A15: Cartas de confidencialidad por cada integrante | C15: 0
A16: Cartas compromiso de capacitación por integrante | C16: 0
A17: Mínimo de miembros necesarios: presidente, vocal secretario y cuatro vocales | C17: 1
A18: Cumple con no incluir personal del cuerpo directivo | C18: 1
A19: Su conformación es multidisciplinaria | C19: 1
A20: En la integración incluye representante de la comunidad | C20: 1
A21: Expedientes actualizados por cada integrante: CV, copia de título, cédula y constancias de capacitación en bioética | C21: 0
A22: Existe equidad de género en la integración del comité | C22: 0
A23: Se hace uso de lenguaje incluyente en la documentación | C23: 0
... A26: Los documentos se encuentra localizables, ordenados y resguardados | C26: 1
A27: SUBTOTAL POR DOMINIO, 15 PUNTOS, 35%: | C27: =SUM(C12:C26) -> 9
A28: II.- RECURSOS Y SUMINISTROS
A29: Cuenta con mecanismo de financiamiento para su operación | C29: 0
A30: Dispone de oficina para realizar actividades | C30: 0
A31: Cuenta con mobiliario y equipamiento para su funcionamiento | C31: 0
A32: Existen mecanismos para provisión de papeleria y demas insumos de oficina | C32: 0
A33: Dispone de un lugar para el resguardo de archivos o expedientes | C33: 0
A34: Cuenta con personal de apoyo administrativo | C34: 0
A35: SUBTOTAL POR DOMINIO, 5 PUNTOS, 12%: | C35: =SUM(C29:C34) -> 0
A36: III.- MARCO PROCEDIMENTAL
A37: Cuenta con reglamento interno para el funcionamiento del comité | C37: 0
A38: Cuenta con manual de organización del comité | C38: 0
A39: Cuenta con procedimiento para la solicitud de intervención en el análisis de casos o protocolos | C39: 0
A40: Cuenta con procedimiento para control y seguimiento de recomendaciones emitidas por el comité | C40: 0
A41: Cuenta con procedimiento para resguardo de la información | C41: 0
A42: Cuenta con procedimiento para sesiones oridnarias y extraordinarias | C42: 0
A43: Cuenta con procedimiento para comunicar recomendaciones | C43: 0
A44: SUBTOTAL POR DOMINIO, 7 PUNTOS, 16%: | C44: =SUM(C37:C43) -> 0
A45: IV.- OPERATIVIDAD
A46: Cuenta con guías operacionales, normas internacionales y nacionales, etcétera que ayuden al análisis y resolución de casos | C46: 1
A47: Cuenta con Programa Anual de Trabajo | C47: 0
A48: Cuenta con programacion anual de sesiones ordinarias (PASO) | C48: 1
A49: Cuenta con programa anual de sesiones generales (PASGE) | C49: 0
A50: Cuenta con programa anual de capacitación para integrantes del comité (PACIC) | C50: 0
A51: Cuenta con programa de capacitación para personal del establecimiento (PACPE) | C51: 0
A52: Cuenta con programa de capacitación para la población usuario/a (PACU) | C52: 0
A53: Cumple con los plazos para la recepción, análisis y emisión de recomendaciones | C53: 0
A54: El expediente de cada sesión se integra: solicitud de analisis, convocatoria de sesión a los miembros, orden del día, lista de asistencia, minuta de sesión, emisión de recomendaciones y seguimiento de las mismas | C54: 1
A55: La minuta de la sesión contine: número consecutivo, fecha, hora, lugar donde se realizó, objetivo de la reunión, nombre y firma de cada integrante, constancia de conformidad con el desahogo de lo tratado en la reunión, documentos consultados, conclusiones, acuerdos o recomendaciones. | C55: 1
A56: El análisis se realiza con metodología específica. | C56: 0
A57: Las recomendaciones cuenta con al menos: nombre y clave de registro del comité, fecha, lugar y hora, nombre de quien solicita, problema planteado, documentos revisados, recomendaciones emitidas, nombre y firma de quien preside. | C57: 0
... A61: El o la responsable de la unidad, conoce las actividades que realiza el comité | C61: 1
A62: SUBTOTAL POR DOMINIO, 16 PUNTOS, 37%: | C62: =SUM(C46:C61) -> 6
A63: TOTAL DE LA EVALUACIÓN, 43 PUNTOS, 100%: | C63: =SUM(C62+C44+C35+C27) -> 15
A64: PORCENTAJE DE CUMPLIMIENTO: | C64: =(C63/43) -> 0.34883721
A65: (1) CUMPLE (0) NO CUMPLE (NA) NO APLICA
A66: OBSERVACIONES: se solicita que se integre a la carpeta los CV de los integrantes del comité, así como las cartas de confidencialidad y compromiso para poder enviarse la documentacion por via correo electroónico a más tarde 14 del corriente.
A69: RECOMENDACIONES: Artículo 41 Bis. Los establecimientos para la atención médica del sector público, social o privado del sistema nacional de salud, además de los señalados en los artículos 98 y 316 de la presente Ley, y de acuerdo con su grado de complejidad y nivel de resolución, contarán con los siguientes comités: I. Un Comité Hospitalario de Bioética para la resolución de los problemas derivados de la atención médica a que se refiere el artículo 33 de esta Ley; así como para el análisis, discusión y apoyo en la toma de decisiones respecto a los problemas bioéticos que se presenten en la práctica clínica o en la docencia que se imparte en el área de salud, así como promover la elaboración de lineamientos y guías éticas institucionales para la atención y la docencia médica. Asimismo, promoverá la educación bioética permanentemente de sus miembros y del personal del establecimiento.
A72: ACUERDOS: se hace la invitacion y se solicita la comisión de quienes integran el comité para poder acudir al primer encuentro de comités a realizarse el 21 de junio del corriente.
A75: FECHA DE CUMPLIMIENTO: | B75: 45457
A76: FIRMAS DE CONFORMIDAD DE QUIENES PARTICIPAN:
A77: CARGO EN LA INSTITUCIÓN: | B77: NOMBRE COMPLETO: | C77: FIRMA:
A78: Director General | B78: Dr. Miguel Angel Xolocotzi Juárez
A79: Presidenta del Comite | B79: Mtra. Silvia Degante Huerta
A80: Vocal Secretaria
A81: CARGO EN LA COBIET: | B81: NOMBRE COMPLETO: | C81: FIRMA:
A82: Director Ejecutivo | B82: Mtro. Edgar Giron Soriano
A83: Responsable de CHB y CEI | B83: Dr. Raymundo Alejandro Cuevas Escalante

Sheet SUPERVISIONES2024
A2: COMISIÓN DE BIOÉTICA DEL ESTADO DE TLAXCALA
A3: COMITÉS HOSPITALARIOS DE BIOÉTICA Y ÉTICA EN INVESTIGACIÓN
A4: CONCENTRADO DE RESULTADOS
A5: CRITERIOS DE VERIFICACIÓN
A6: I.- INTEGRACIÓN:
A7: Registro vigente ante la CONBIOÉTICA | C7: =SUM(CEIOPDSeSa!C11+CHBHIT!C11+CEIHIT!C11) -> 2
A8: Acta de instalacion actualizada y vigente | C8: =(CEIOPDSeSa!C12+CHBHIT!C12+CEIHIT!C12) -> 1
A9: Cartas de designación por cada integrante | C9: =(CEIOPDSeSa!C13+CHBHIT!C13+CEIHIT!C13) -> 2
A10: Cartas de confidencialidad por cada integrante | C10: =(CEIOPDSeSa!C14+CHBHIT!C14+CEIHIT!C14) -> 2
A11: Cartas compromiso de capacitación por integrante | C11: =(CEIOPDSeSa!C15+CHBHIT!C15+CEIHIT!C15) -> 2
A12: Mínimo de miembros necesarios: presidente, vocal secretario y cuatro vocales | C12: =(CEIOPDSeSa!C16+CHBHIT!C16+CEIHIT!C16) -> 2
A13: Cumple con no incluir personal del cuerpo directivo | C13: =(CEIOPDSeSa!C17+CHBHIT!C17+CEIHIT!C17) -> 2
A14: Su conformación es multidisciplinaria | C14: =(CEIOPDSeSa!C18+CHBHIT!C18+CEIHIT!C18) -> 3
A15: En la integración incluye representante de la comunidad | C15: =(CEIOPDSeSa!C19+CHBHIT!C19+CEIHIT!C19) -> 2
A16: Expedientes actualizados por cada integrante: CV, copia de título, cédula y constancias de capacitación en bioética | C16: =(CEIOPDSeSa!C20+CHBHIT!C20+CEIHIT!C20) -> 2
A17: Existe equidad de género en la integración del comité | C17: =(CEIOPDSeSa!C21+CHBHIT!C21+CEIHIT!C21) -> 1
A18: Se hace uso de lenguaje incluyente en la documentación | C18: =(CEIOPDSeSa!C22+CHBHIT!C22+CEIHIT!C22) -> 1
A19: Al menos dos integrantes tienen formación bioética | C19: =(CEIOPDSeSa!C23+CHBHIT!C23+CEIHIT!C23) -> 3
... A21: Los documentos se encuentra localizables, ordenados y resguardados | C21: =(CEIOPDSeSa!C25+CHBHIT!C25+CEIHIT!C25) -> 2
A22: SUBTOTAL POR DOMINIO: | C22: =SUM(C7:C21) -> 29
A23: II.- RECURSOS Y SUMINISTROS
A24: Cuenta con mecanismo de financiamiento para su operación | C24: =(CEIOPDSeSa!C28+CHBHIT!C28+CEIHIT!C28) -> 0
A25: Dispone de oficina para realizar actividades | C25: =(CEIOPDSeSa!C29+CHBHIT!C29+CEIHIT!C29) -> 1
A26: Cuenta con mobiliario y equipamiento para su funcionamiento | C26: =(CEIOPDSeSa!C30+CHBHIT!C30+CEIHIT!C30) -> 0
A27: Existen mecanismos para provisión de papeleria y demas insumos de oficina | C27: =(CEIOPDSeSa!C31+CHBHIT!C31+CEIHIT!C31) -> 0
A28: Dispone de un lugar para el resguardo de archivos o expedientes | C28: =(CEIOPDSeSa!C32+CHBHIT!C32+CEIHIT!C32) -> 0
A29: Cuenta con personal de apoyo administrativo | C29: =(CEIOPDSeSa!C33+CHBHIT!C33+CEIHIT!C33) -> 0
A30: SUBTOTAL POR DOMINIO: | C30: =SUM(C24:C29) -> 1
A31: III.- MARCO PROCEDIMENTAL
A32: Cuenta con reglamento interno para el funcionamiento del comité | C32: =(CEIOPDSeSa!C36+CHBHIT!C36+CEIHIT!C36) -> 2
A33: Cuenta con manual de organización del comité | C33: =(CEIOPDSeSa!C37+CHBHIT!C37+CEIHIT!C37) -> 2
A34: Cuenta con procedimiento para la solicitud de intervención en el análisis de casos o protocolos | C34: =(CEIOPDSeSa!C38+CHBHIT!C38+CEIHIT!C38) -> 1
A35: Cuenta con procedimiento para control y seguimiento de recomendaciones emitidas por el comité | C35: =(CEIOPDSeSa!C39+CHBHIT!C39+CEIHIT!C39) -> 2
A36: Cuenta con procedimiento para resguardo de la información | C36: =(CEIOPDSeSa!C40+CHBHIT!C40+CEIHIT!C40) -> 1
A37: Cuenta con procedimiento para sesiones oridnarias y extraordinarias | C37: =(CEIOPDSeSa!C41+CHBHIT!C41+CEIHIT!C41) -> 2
A38: Cuenta con procedimiento para comunicar recomendaciones | C38: =(CEIOPDSeSa!C42+CHBHIT!C42+CEIHIT!C42) -> 2
A39: SUBTOTAL POR DOMINIO: | C39: =SUM(C32:C38) -> 12
A40: IV.- OPERATIVIDAD
A41: Cuenta con guías operacionales, normas internacionales y nacionales, etcétera que ayuden al análisis y resolución de casos | C41: =(CEIOPDSeSa!C45+CHBHIT!C45+CEIHIT!C45) -> 1
A42: Cuenta con Programa Anual de Trabajo | C42: =(CEIOPDSeSa!C46+CHBHIT!C46+CEIHIT!C46) -> 2
A43: Cuenta con programacion anual de sesiones ordinarias (PASO) | C43: =(CEIOPDSeSa!C47+CHBHIT!C47+CEIHIT!C47) -> 3
A44: Cuenta con programa anual de sesiones generales (PASGE) | C44: =(CEIOPDSeSa!C48+CHBHIT!C48+CEIHIT!C48) -> 1
A45: Cuenta con programa anual de capacitación para integrantes del comité (PACIC) | C45: =(CEIOPDSeSa!C49+CHBHIT!C49+CEIHIT!C49) -> 1
A46: Cuenta con programa de capacitación para personal del establecimiento (PACPE) | C46: =(CEIOPDSeSa!C50+CHBHIT!C50+CEIHIT!C50) -> 1
A47: Cuenta con programa de capacitación para la población usuario/a (PACU) | C47: =(CEIOPDSeSa!C51+CHBHIT!C51+CEIHIT!C51) -> 0
A48: Cumple con los plazos para la recepción, análisis y emisión de recomendaciones | C48: =(CEIOPDSeSa!C52+CHBHIT!C52+CEIHIT!C52) -> 2
A49: El expediente de cada sesión se integra: solicitud de analisis, convocatoria de sesipón a los miembros, orden del día, lista de asistencia, minuta de sesión, emisión de recomendaciones y seguimiento de las mismas | C49: =(CEIOPDSeSa!C53+CHBHIT!C53+CEIHIT!C53) -> 3
A50: La minuta de la sesión contine: número consecutivo, fecha, hora, lugar donde se realizó, objetivo de la reunión, nombre y firma de cada integrante, constancia de conformidad con el desahogo de lo tratado en la reunión, documentos consultados, conclusiones, acuerdos o recomendaciones. | C50: =(CEIOPDSeSa!C54+CHBHIT!C54+CEIHIT!C54) -> 2
A51: El análisis se realiza con metodología específica. | C51: =(CEIOPDSeSa!C55+CHBHIT!C55+CEIHIT!C55) -> 2
A52: Las recomendaciones cuenta con al menos: nombre y clave de registro del comité, fecha, lugar y hora, nombre de quien solicita, problema planteado, documentos revisados, recomendaciones emitidas, nombre y firma de quien preside. | C52: =(CEIOPDSeSa!C56+CHBHIT!C56+CEIHIT!C56) -> 3
... A56: El o la responsable de la unidad, conoce las actividades que realiza el comité | C56: =(CEIOPDSeSa!C60+CHBHIT!C60+CEIHIT!C60) -> 0
A57: SUBTOTAL POR DOMINIO: | C57: =SUM(C41:C56) -> 24
A58: TOTAL DE LA EVALUACIÓN: | C58: =SUM(C57+C39+C30+C22) -> 66
A59: PORCENTAJE DE CUMPLIMIENTO: | C59: =(C58/132) -> 0.5
A60: (1) CUMPLE (0) NO CUMPLE (NA) NO APLICA

Sheet CONCENTRADO
B1: Comisión de Bioética del Estado de Tlaxcala: Concentrado de resultados de Cédulas de Verificación por Hospital, 2024.
B3: CRITERIOS DE VERIFICACIÓN | D3: Hospital comunitario de Tlaxco | E3: Hospital comunitario de Contla | F3: Hospital General de Nativitas | G3: Hospital General de San Pablo del Monte | H3: Hospital Comunitario de Zacatelco | I3: Hospital General de Zona #8 IMSS | J3: Hospital General de zona #1 IMSS | K3: Hospital General ISSSTE | L3: Hospital General de Zona #2 IMSS | M3: OPD Salud De Tlaxcala | N3: Hospital Infanitl de Tlaxcala | O3: Hospital General de Humantla | P3: Hospital Humanitas de Tlaxcala | Q3: Hospital General de Tlaxcala | R3: Hospital Regional de Apizaco
B4: I | C4: INTEGRACIÓN | D4: =CHBTlaxco!C27/15 -> 0.4 | E4: =CHBContla!C27/15 -> 0 | F4: =CHBNativitas!C27/15 -> 0.6 | G4: =CHBHGSPM!C27/15 -> 0.46666667 | H4: =CHBHCZ!C27/15 -> 0.4 | I4: =CHBIMSSZ8!C27/15 -> 0.66666667 | J4: =CHBIMSSZ1!C27/15 -> 0.6 | K4: =CHBISSSTE!C27/15 -> 0.66666667 | L4: =CHBIMSSZ2!C27/15 -> 0.53333333 | M4: =CEIOPDSeSa!C26/15 -> 0.93333333 | N4: =CHBHIT!C26/15 -> 0.66666667 | O4: =CHBHuamantla!C27/15 -> 0.46666667 | P4: =CHBHumanitas!C27/15 -> 0.46666667 | Q4: =CHBHGT!C27/15 -> 0.33333333 | R4: =CHBHRESP!C27/15 -> 0.6
B5: II | C5: RECURSOS Y SUMINISTROS | D5: =CHBTlaxco!C35/6 -> 0 | E5: =CHBContla!C35/6 -> 0 | F5: =CHBNativitas!C35/6 -> 0.5 | G5: =CHBHGSPM!C35/6 -> 0 | H5: =CHBHCZ!C35/6 -> 0.16666667 | I5: =CHBIMSSZ8!C35/6 -> 0 | J5: =CHBIMSSZ1!C35/6 -> 0 | K5: =CHBISSSTE!C35/6 -> 0.16666667 | L5: =CHBIMSSZ2!C35/6 -> 0.16666667 | M5: =CEIOPDSeSa!C34/6 -> 0 | N5: =CHBHIT!C34/6 -> 0 | O5: =CHBHuamantla!C35/6 -> 0.66666667 | P5: =CHBHumanitas!C35/6 -> 0.66666667 | Q5: =CHBHGT!C35/6 -> 0.66666667 | R5: =CHBHRESP!C35/6 -> 0
B6: III | C6: MARCO PROCEDIMENTAL | D6: =CHBTlaxco!C44/7 -> 0 | E6: =CHBContla!C44/7 -> 0 | F6: =CHBNativitas!C44/7 -> 0 | G6: =CHBHGSPM!C44/7 -> 0 | H6: =CHBHCZ!C44/7 -> 0 | I6: =CHBIMSSZ8!C44/7 -> 0.85714286 | J6: =CHBIMSSZ1!C44/7 -> 0 | K6: =CHBISSSTE!C44/7 -> 0 | L6: =CHBIMSSZ2!C44/7 -> 0 | M6: =CEIOPDSeSa!C43/7 -> 0.71428571 | N6: =CHBHIT!C43/7 -> 1 | O6: =CHBHuamantla!C44/7 -> 0 | P6: =CHBHumanitas!C44/7 -> 0 | Q6: =CHBHGT!C44/7 -> 0 | R6: =CHBHRESP!C44/7 -> 0
B7: IV | C7: OPERATIVIDAD | D7: =CHBTlaxco!C62/16 -> 0 | E7: =CHBContla!C62/16 -> 0 | F7: =CHBNativitas!C62/16 -> 0 | G7: =CHBHGSPM!C62/16 -> 0.125 | H7: =CHBHCZ!C62/16 -> 0.1875 | I7: =CHBIMSSZ8!C62/16 -> 0.75 | J7: =CHBIMSSZ1!C62/16 -> 0.0625 | K7: =CHBISSSTE!C62/16 -> 0 | L7: =CHBIMSSZ2!C62/16 -> 0.25 | M7: =CEIOPDSeSa!C61/16 -> 0.5 | N7: =CHBHIT!C61/16 -> 0.75 | O7: =CHBHuamantla!C62/16 -> 0 | P7: =CHBHumanitas!C62/16 -> 0 | Q7: =CHBHGT!C62/16 -> 0.0625 | R7: =CHBHRESP!C62/16 -> 0.375
C8: EVALUACIÓN TOTAL | D8: =SUM(CHBTlaxco!C27+CHBTlaxco!C35+CHBTlaxco!C44+CHBTlaxco!C62)/44 -> 0.13636364 | E8: =SUM(CHBContla!C27+CHBContla!C35+CHBContla!C44+CHBContla!C62)/44 -> 0 | F8: =SUM(CHBNativitas!C27+CHBNativitas!C35+CHBNativitas!C44+CHBNativitas!C62)/44 -> 0.27272727 | G8: =SUM(CHBHGSPM!C27+CHBHGSPM!C35+CHBHGSPM!C44+CHBHGSPM!C62)/44 -> 0.20454545 | H8: =SUM(CHBHCZ!C27+CHBHCZ!C35+CHBHCZ!C44+CHBHCZ!C62)/44 -> 0.22727273 | I8: =SUM(CHBIMSSZ8!C27+CHBIMSSZ8!C35+CHBIMSSZ8!C44+CHBIMSSZ8!C62)/44 -> 0.63636364 | J8: =SUM(CHBIMSSZ1!C27+CHBIMSSZ1!C35+CHBIMSSZ1!C44+CHBIMSSZ1!C62)/44 -> 0.22727273 | K8: =SUM(CHBISSSTE!C27+CHBISSSTE!C35+CHBISSSTE!C44+CHBISSSTE!C62)/44 -> 0.25 | L8: =SUM(CHBIMSSZ2!C27+CHBIMSSZ2!C35+CHBIMSSZ2!C44+CHBIMSSZ2!C62)/44 -> 0.29545455 | M8: =SUM(CEIOPDSeSa!C26+CEIOPDSeSa!C34+CEIOPDSeSa!C43+CEIOPDSeSa!C61)/44 -> 0.61363636 | N8: =SUM(CHBHIT!C26+CHBHIT!C34+CHBHIT!C43+CHBHIT!C61)/44 -> 0.65909091 | O8: =SUM(CHBHuamantla!C27+CHBHuamantla!C35+CHBHuamantla!C44+CHBHuamantla!C62)/44 -> 0.25 | P8: =SUM(CHBHumanitas!C27+CHBHumanitas!C35+CHBHumanitas!C44+CHBHumanitas!C62)/44 -> 0.25 | Q8: =SUM(CHBHGT!C27+CHBHGT!C35+CHBHGT!C44+CHBHGT!C62)/44 -> 0.22727273 | R8: =SUM(CHBHRESP!C27+CHBHRESP!C35+CHBHRESP!C44+CHBHRESP!C62)/44 -> 0.34090909
